département;ville;code postal
Ardèche (07);Alba-la-Romaine;07400
Ardèche (07);Aubenas;07200
Ardèche (07);Auriolles;07120
Ardèche (07);Balazuc;07120
Ardèche (07);Beaulieu;07230
Ardèche (07);Beaumont;07110
Ardèche (07);Bessas;07150
Ardèche (07);Bidon;07700
Ardèche (07);Bourg-Saint-Andéol;07700
Ardèche (07);Chambonas;07140
Ardèche (07);Chandolas;07230
Ardèche (07);Chassiers;07110
Ardèche (07);Chauzon;07120
Ardèche (07);Dompnac;07260
Ardèche (07);Gras;07700
Ardèche (07);Gravières;07140
Ardèche (07);Grospierres;07120
Ardèche (07);Joyeuse;07260
Ardèche (07);Labastide-de-Virac;07150
Ardèche (07);Lablachère;07230
Ardèche (07);Lagorce;07150
Ardèche (07);Lalevade-d'Ardèche;07380
Ardèche (07);Lanas;07200
Ardèche (07);Largentière;07110
Ardèche (07);Larnas;07220
Ardèche (07);Laurac-en-Vivarais;07110
Ardèche (07);Lavilledieu;07170
Ardèche (07);Les Vans;07140
Ardèche (07);Lussas;07170
Ardèche (07);Malbosc;07140
Ardèche (07);Mercuer;07200
Ardèche (07);Meyras;07380
Ardèche (07);Mirabel;07170
Ardèche (07);Montréal;07110
Ardèche (07);Payzac;07230
Ardèche (07);Planzolles;07230
Ardèche (07);Pont-de-Labeaume;07380
Ardèche (07);Pradons;07120
Ardèche (07);Prunet;07110
Ardèche (07);Ribes;07260
Ardèche (07);Rochecolombe;07120
Ardèche (07);Rocher;07110
Ardèche (07);Rosières;07260
Ardèche (07);Ruoms;07120
Ardèche (07);Sabières;07260
Ardèche (07);Saint-Alban-Auriolles;07120
Ardèche (07);Saint-André-de-Cruzières;07460
Ardèche (07);Saint-Didier-sous-Aubenas;07200
Ardèche (07);Saint-Genest-de-Beauzon;07230
Ardèche (07);Saint-Germain;07170
Ardèche (07);Saint-Génis;07700
Ardèche (07);Saint-Just-d'Ardèche;07700
Ardèche (07);Saint-Marcel-d'Ardèche;07700
Ardèche (07);Saint-Martin-d'Ardèche;07700
Ardèche (07);Saint-Maurice-d'Ibie;07150
Ardèche (07);Saint-Montant;07220
Ardèche (07);Saint-Mélany;07260
Ardèche (07);Saint-Paul-le-Jeune;07230
Ardèche (07);Saint-Privat;07200
Ardèche (07);Saint-Remèze;07700
Ardèche (07);Saint-Sernin;07200
Ardèche (07);Saint-Étienne-de-Fontbellon;07200
Ardèche (07);Salavas;07150
Ardèche (07);Sampzon;07120
Ardèche (07);Sanilhac;07110
Ardèche (07);Uzer;07110
Ardèche (07);Vagnas;07150
Ardèche (07);Valgorge;07110
Ardèche (07);Vallon-Pont-d'Arc;07150
Ardèche (07);Vals-les-Bains;07600
Ardèche (07);Valvignères;07400
Ardèche (07);Vesseaux;07200
Ardèche (07);Villeneuve-de-Berg;07170
Ardèche (07);Vinezac;07110
Ardèche (07);Viviers;07220
Ardèche (07);Vogüé;07200
Gard (30);Aiguèze;30760
Gard (30);Allègre-les-Fumades;30500
Gard (30);Barjac;30430
Gard (30);Carsan;30130
Gard (30);Cavillargues;30630
Gard (30);Cornillon;30630
Gard (30);Gagnières;30160
Gard (30);Goudargues;30630
Gard (30);Issirac;30760
Gard (30);La Roque-sur-Cèze;30200
Gard (30);Laval-Saint-Roman;30760
Gard (30);Lussan;30580
Gard (30);Montclus;30630
Gard (30);Méjannes-le-Clap;30430
Gard (30);Navacelles;30580
Gard (30);Peyremale;30160
Gard (30);Pont-Saint-Esprit;30130
Gard (30);Robiac-Rochessadoule;30160
Gard (30);Saint-Alexandre;30130
Gard (30);Saint-Ambroix;30500
Gard (30);Saint-André-de-Roquepertuis;30630
Gard (30);Saint-Brès;30500
Gard (30);Saint-Jean-de-Maruéjols-et-Avéjan;30430
Gard (30);Saint-Laurent-de-Carnols;30200
Gard (30);Saint-Privat-de-Champclos;30430
Gard (30);Salazac;30760
Gard (30);Sénéchas;30450
Gard (30);Tharaux;30430
Gard (30);Verfeuil;30630
