département;commune;code_postal;type_lieu;nom;adresse;latitude;longitude;description;contacts;classements;source;zone_tournee;statut
Ardèche (07);Alba-la-Romaine;7400;Office de tourisme;Office de Tourisme Intercommunal Porte Sud Ardèche - Bureau d'Alba-la-Romaine;118 rue du Barry, 07400 Alba-la-Romaine;44.554365;4.598297;;#;;DATAtourisme;Z9 - Ardèche rhodanienne (Bourg / Viviers / Alba);
Ardèche (07);Alba-la-Romaine;7400;Site touristique;MuséAl;Route départementale 107 99 Route de Viviers, 07400 Alba-la-Romaine;44.561465;4.597914;;#https://museal.ardeche.fr/;;DATAtourisme;Z9 - Ardèche rhodanienne (Bourg / Viviers / Alba);
Ardèche (07);Aubenas;7200;Hôtel;Hôtel Auberge des Pins;95 Route de Vals sur la N 102, 07200 Aubenas;44.629635;4.380284;;#http://www.aubergedespins-aubenas.com/;;DATAtourisme;Z7b - Aubenas / Vals / Villeneuve (Haute Ardèche);
Ardèche (07);Aubenas;7200;Hôtel;Hôtel Best Western Aubenas;07200 Aubenas;44.622;4.388;;;;Compilation locale;Z7b - Aubenas / Vals / Villeneuve (Haute Ardèche);
Ardèche (07);Aubenas;7200;Hôtel;Hôtel Ibis Budget Aubenas;42 Route de Montélimar, 07200 Aubenas;44.615156;4.404332;;#http://www.all.accor.com/;;DATAtourisme;Z7b - Aubenas / Vals / Villeneuve (Haute Ardèche);
Ardèche (07);Aubenas;7200;Hôtel;Hôtel La Pinède;Route de Montélimar, 07200 Aubenas;44.62;4.39;;;;Compilation locale;Z7b - Aubenas / Vals / Villeneuve (Haute Ardèche);
Ardèche (07);Aubenas;7200;Hôtel;Hôtel Restaurant Le Fournil;34 Bd Gambetta, 07200 Aubenas;44.621;4.391;;;;Compilation locale;Z7b - Aubenas / Vals / Villeneuve (Haute Ardèche);
Ardèche (07);Aubenas;7200;Hôtel;Hôtel Ibis Styles Aubenas;42 Route de Montélimar, 07200 Aubenas;44.615232;4.403436;;#http://www.all.accor.com/;;DATAtourisme;Z7b - Aubenas / Vals / Villeneuve (Haute Ardèche);
Ardèche (07);Aubenas;7200;Hôtel;Villa Elisa M - résidence de tourisme;3 rue Jean Beaussier, 07200 Aubenas;44.614356;4.390205;;#http://www.villa-elisa-m.com/;;DATAtourisme;Z7b - Aubenas / Vals / Villeneuve (Haute Ardèche);
Ardèche (07);Aubenas;7200;Office de tourisme;Office de Tourisme d'Aubenas;53 Boulevard Gambetta, 07200 Aubenas;44.619404;4.390204;;#https://www.aubenas-vals.com/;;DATAtourisme;Z7b - Aubenas / Vals / Villeneuve (Haute Ardèche);
Ardèche (07);Aubenas;7200;Site touristique;Château d'Aubenas (XIIe-XVIe);Place de l'Airette, 07200 Aubenas;44.621;4.392;;;;Compilation locale;Z7b - Aubenas / Vals / Villeneuve (Haute Ardèche);
Ardèche (07);Aubenas;7200;Site touristique;Le Château – Centre d’Art Contemporain et du Patrimoine d’Aubenas;Place de l'hôtel de ville, 07200 Aubenas;44.620724;4.390424;;#https://www.lechateauaubenas.com/;;DATAtourisme;Z7b - Aubenas / Vals / Villeneuve (Haute Ardèche);
Ardèche (07);Balazuc;7120;Camping;Camping Le Boem;70 Impasse de la Blachette Lieu dit le Retourtier, 07120 Balazuc;44.507378;4.380728;;#http://www.campingleboem.com/;;DATAtourisme;Z7a - Balazuc → Vogüé (Ardèche moyenne);
;Balazuc;7120;Camping;Camping Olé camp;342 Route de Chauzon, 07120 Balazuc;44.521729;4.347033;;#http://www.campingolecamp.com/;;DATAtourisme;Z10 - Largentière;
Ardèche (07);Balazuc;7120;Camping;Camping de la Falaise;Hameau des Salles, 07120 Balazuc;44.512857;4.385540;;#https://www.camping-balazuc.com|04 75 37 74 27;;Google Maps;Z7a - Balazuc → Vogüé (Ardèche moyenne);
Ardèche (07);Balazuc;7120;Camping;Camping le Chamadou;1500 chemin de Chaussy St Maurice d'Ardèche, 07120 Balazuc;44.507310;4.402857;;#http://www.camping-le-chamadou.com/;;DATAtourisme;Z7a - Balazuc → Vogüé (Ardèche moyenne);
Ardèche (07);Balazuc;7120;Camping;Camping le Servière;373 chemin de Servières, 07120 Balazuc;44.512428;4.375727;;#https://www.le-serviere.com/;;DATAtourisme;Z7a - Balazuc → Vogüé (Ardèche moyenne);
Ardèche (07);Balazuc;7120;Site touristique;Muséum de l'Ardèche : fossiles et dinosaures;La Croisette 344 chemin de Cournazou, 07120 Balazuc;44.506671;4.372811;;#http://www.museum-ardeche.fr/;;DATAtourisme;Z7a - Balazuc → Vogüé (Ardèche moyenne);
;Beaulieu;7460;Camping;Camping Pont de Maisonneuve;Les Lèbres 82 route du bois de païolive, 07460 Beaulieu;44.389823;4.230498;;#http://www.camping-pontdemaisonneuve.com/;;DATAtourisme;Z6 - Les Vans / Cévennes ardéchoises;
Ardèche (07);Beaumont;7110;Camping;Camping le Relais des Brison;130 chemin du Gua, 07110 Beaumont;44.53806;4.191155;;#http://www.camping-brison.com/;;DATAtourisme;Z8 - Joyeuse / Rosières;
Ardèche (07);Bessas;7150;Camping;Camping la Fontinelle;La Fontinelle 460 Route de Saint Sauveur, 07150 Bessas;44.339427;4.30001;;#https://www.camping-la-fontinelle.com/;;DATAtourisme;Z2 - Vallon-Pont-d'Arc / Salavas;
Ardèche (07);Bourg-Saint-Andéol;7700;Camping;Camping du Lion;chemin des marronniers Quartier de l'Île du Chenevier, 07700 Bourg-Saint-Andéol;44.381232;4.648483;;#http://www.campingdulion.com/;;DATAtourisme;Z9 - Ardèche rhodanienne (Bourg / Viviers / Alba);
Ardèche (07);Bourg-Saint-Andéol;7700;Hôtel;Hôtel le Clos des Oliviers;Place du Champ de Mars, 07700 Bourg-Saint-Andéol;44.372889;4.643226;;#http://www.hotel-ardeche-sud.com/;;DATAtourisme;Z9 - Ardèche rhodanienne (Bourg / Viviers / Alba);
Ardèche (07);Bourg-Saint-Andéol;7700;Office de tourisme;Office de Tourisme Gorges de l'Ardèche - Pont d'Arc - Bureau de Bourg-Saint-Andéol;Place du Champ de Mars, 07700 Bourg-Saint-Andéol;44.371677;4.643904;;#https://www.gorges-ardeche-pontdarc.fr/;;DATAtourisme;Z9 - Ardèche rhodanienne (Bourg / Viviers / Alba);
Ardèche (07);Bourg-Saint-Andéol;7700;Site touristique;Musée privé de dentelles, broderies et textiles anciens;Hôtel Doize 12 rue Paul Mazet, 07700 Bourg-Saint-Andéol;44.371205;4.646183;;#;;DATAtourisme;Z9 - Ardèche rhodanienne (Bourg / Viviers / Alba);
Ardèche (07);Chambonas;7140;Camping;Camping Castanhada;125 chemin des Châtaigniers, 07140 Chambonas;44.413365;4.139071;;#http://www.castanhada.fr/;;DATAtourisme;Z6 - Les Vans / Cévennes ardéchoises;
Ardèche (07);Chandolas;7230;Camping;Camping Les Rives de l'Ardèche;07230 Chandolas;44.435;4.228;;;;Compilation locale;Z3 - Ruoms / Sampzon / Gorge aval;
Ardèche (07);Chandolas;7230;Hôtel;Hôtel Auberge Les Murets;6 route des Martins Lengarnayre, 07230 Chandolas;44.426649;4.23147;;#http://www.aubergelesmurets.com/;;DATAtourisme;Z3 - Ruoms / Sampzon / Gorge aval;
;Chandolas;7230;Hôtel;Hôtel de Vacances la Vignasse;Maisonneuve 4 chemin du Malabruch, 07230 Chandolas;44.395823;4.233313;;#http://www.hotel-lavignasse.com/;;DATAtourisme;Z6 - Les Vans / Cévennes ardéchoises;
;Chassiers;7110;Camping;Yelloh! Village Domaine les Ranchisses;1525, route de Valgorge, 07110 Chassiers;44.560822;4.284947;;#http://www.lesranchisses.fr/<>https://www.yellohvillage.fr/camping/domaine_les_ranchisses?utm_source=OT&utm_medium=Linking&utm_campaign=OT;;DATAtourisme;Z10 - Largentière;
;Chassiers;7110;Hôtel;Hôtel des Vignes;1525 Route de Valgorge, 07110 Chassiers;44.561456;4.284196;;#https://www.lesranchisses.fr/hotel/;;DATAtourisme;Z10 - Largentière;
Ardèche (07);Chauzon;7120;Camping;Camping la Digue;860 chemin des Digues, 07120 Chauzon;44.484719;4.372988;;#http://www.camping-la-digue.fr/;;DATAtourisme;Z3 - Ruoms / Sampzon / Gorge aval;
Ardèche (07);Chauzon;7120;Camping;Camping le Coin Charmant;1050 chemin des digues les Buirensses, 07120 Chauzon;44.48592;4.373191;;#http://www.camping-lecoincharmant-ardeche.com/;;DATAtourisme;Z3 - Ruoms / Sampzon / Gorge aval;
Ardèche (07);Chauzon;7120;Camping;Camping les Chênes;420 Route du Boulodrome, 07120 Chauzon;44.490088;4.361964;;#http://www.campingleschenes07.com/;;DATAtourisme;Z3 - Ruoms / Sampzon / Gorge aval;
Ardèche (07);Gravières;7140;Camping;Camping la Châtaigneraie;1628 route du Pont de Gravières, 07140 Gravières;44.414143;4.09421;;#http://www.camping-lachataigneraie.com/;;DATAtourisme;Z6 - Les Vans / Cévennes ardéchoises;
Ardèche;Gravières;7140;Camping;Camping la Vernède restaurant;504 chemin de la Vernède, 07140 Gravières;44.418320;4.101312;;#https://www.camping-la-vernede.com/;;DATAtourisme;Z6 - Les Vans / Cévennes ardéchoises;
Ardèche (07);Gravières;7140;Camping;Camping le Mas du Serre;280 chemin du mas du serre, 07140 Gravières;44.415582;4.097305;;#http://www.campinglemasduserre.com/;;DATAtourisme;Z6 - Les Vans / Cévennes ardéchoises;
Ardèche (07);Gravières;7140;Camping;Camping le Rocheyrol;Quartier La Pontière, 07140 Gravières;44.420326;4.098501;;#https://sites.google.com/campinglerocheyrol.net/dom;;DATAtourisme;Z6 - Les Vans / Cévennes ardéchoises;
Ardèche (07);Gravières;7140;Site touristique;Ferme culturelle et pédagogique l'Attrape-Rêves - Animaux, Jeux, Émerveillement;514 chemin de la Vernède, 07140 Gravières;44.418035;4.098414;;#https://lattrapereves07.fr/;;DATAtourisme;Z6 - Les Vans / Cévennes ardéchoises;
Ardèche;Berrias-et-Casteljau;07460;Camping;Camping La Source;540 Chem. de ma Rouvière,;44.377218;4.206530;;;;Compilation locale;Z6 - Les Vans / Cévennes ardéchoises;
;Joyeuse;7260;Camping;Camping Paradis Bois Simonet;2771 Route de Valgorge, 07260 Joyeuse;44.496360;4.220992;;#https://www.camping-4-etoiles-ardeche.com|04 75 39 58 60;;Google Maps;Z8 - Joyeuse / Rosières;
;Joyeuse;7260;Camping;Camping la Nouzarède;La Nouzarède N, 07260 Joyeuse;44.483665;4.235487;;#https://www.camping-nouzarede.fr|04 75 39 92 01;;Google Maps;Z8 - Joyeuse / Rosières;
Ardèche (07);Joyeuse;7260;Camping;Camping le Sous Perret;1480 chemin de Garel, 07260 Joyeuse;44.475135;4.262781;;#http://www.campinglesousperret.com/;;DATAtourisme;Z8 - Joyeuse / Rosières;
Ardèche (07);Joyeuse;7260;Hôtel;Hôtel-Restaurant les Cèdres;164 Quartier la Glacière, 07260 Joyeuse;44.480065;4.244906;;#http://www.hotelcedres.com/;;DATAtourisme;Z8 - Joyeuse / Rosières;
Ardèche (07);Joyeuse;7260;Office de tourisme;Office de tourisme Cévennes d'Ardèche - Bureau de Joyeuse;63 Avenue François Boissel, 07260 Joyeuse;44.479873;4.241527;;#http://www.cevennes-ardeche.com/;;DATAtourisme;Z8 - Joyeuse / Rosières;
Ardèche (07);Joyeuse;7260;Site touristique;Castanea - Espace découverte de la châtaigne d'Ardèche;2 parvis de l'église, 07260 Joyeuse;44.479508;4.239285;;#http://www.castanea-ardeche.com/<>https://www.castanea-ardeche.com/animations.html;;DATAtourisme;Z8 - Joyeuse / Rosières;
;Joyeuse;7260;Site touristique;Jary Loisirs - Aire de jeux et site animalier;La Nouzarède 13 chemin d'Orival, 07260 Joyeuse;44.483586;4.235154;;#https://www.jary-loisirs.com/;;DATAtourisme;Z8 - Joyeuse / Rosières;
Ardèche (07);Labastide-de-Virac;7150;Camping;Camping Mille Etoiles;4089 route du mas de Serret 4089, Mas de Serret, 07150 Labastide-de-Virac;44.351024;4.453068;;#http://www.campingmilletoiles.com/;;DATAtourisme;Z1 - Gorges de l'Ardèche (belvédères);
Ardèche;Orgnac-l'Aven;07150 Orgnac-l'Aven;Site touristique;Aven d'Orgnac (Grand Site de France);2240 Route de, L'Aven, 07150 Orgnac-l'Aven;44.318341;4.412464;;;;Compilation locale;Z1 - Gorges de l'Ardèche (belvédères);
Ardèche (07);Labastide-de-Virac;7150;Site touristique;Château des Roure;190, Rue Centrale, 07150 Labastide-de-Virac;44.352037;4.400872;;#http://www.chateaudesroure.com/;;DATAtourisme;Z1 - Gorges de l'Ardèche (belvédères);
;Lablachère;7230;Camping;Camping du Vignal;929 chemin du Vignal, 07230 Lablachère;44.482201;4.205478;;#https://www.campingduvignal.com/;;DATAtourisme;Z8 - Joyeuse / Rosières;
;Lablachère;7230;Hôtel;Hôtel Auberge de la Couronne;551, route d'Alès lieu dit Notre Dame, 07230 Lablachère;44.45492;4.220638;;#http://www.aubergedelacouronne.fr/;;DATAtourisme;Z8 - Joyeuse / Rosières;
Ardèche (07);Lagorce;7150;Camping;Camping Domaine de Chadeyron;400 Chemin de Chadeyron, 07150 Lagorce;44.467264;4.41395;;#http://www.campingchadeyron.com/;;DATAtourisme;Z2 - Vallon-Pont-d'Arc / Salavas;
Ardèche (07);Lagorce;7150;Camping;Camping Domaine de Chaussy;Quartier le Petit Chaussy, 07150 Lagorce;44.446358;4.368864;;#http://www.domainedechaussy.com/;;DATAtourisme;Z2 - Vallon-Pont-d'Arc / Salavas;
Ardèche (07);Lagorce;7150;Camping;Camping et Lodges de Coucouzac;Quartier Cocusas Camping et Lodges de Coucouzac, 742 route de la vallée d'ibie, 07150 Lagorce;44.4251;4.4231;;#https://campingdecoucouzac.fr/;;DATAtourisme;Z2 - Vallon-Pont-d'Arc / Salavas;
Ardèche (07);Lagorce;7150;Camping;Camping l'Ombrage;6440 route de Ruoms Quartier le petit chaussy, 07150 Lagorce;44.448882;4.362753;;#http://www.campinglombrage.com/;;DATAtourisme;Z2 - Vallon-Pont-d'Arc / Salavas;
Ardèche (07);Lagorce;7150;Camping;Domaine de Sévenier & Spa *****;120, Chemin de Sévenier, 07150 Lagorce;44.433458;4.412878;;#http://www.domaine-sevenier.fr/;;DATAtourisme;Z2 - Vallon-Pont-d'Arc / Salavas;
Ardèche (07);Lagorce;7150;Hôtel;Hôtel Domaine de Chaussy;Quartier le Petit Chaussy, 07150 Lagorce;44.446358;4.368864;;#;;DATAtourisme;Z2 - Vallon-Pont-d'Arc / Salavas;
Ardèche (07);Lagorce;7150;Site touristique;La Ferme des Abeilles;Gourguet 390 chemin de Lacessas, 07150 Lagorce;44.423314;4.421096;;#http://www.ruchers-de-l-ibie-mieldardeche.com/;;DATAtourisme;Z2 - Vallon-Pont-d'Arc / Salavas;
Ardèche (07);Lagorce;7150;Site touristique;Musée vivant du ver à soie;320 rue de la traverse, 07150 Lagorce;44.448219;4.417743;;#https://lagorceardeche.com/musee-magnanerie/;;DATAtourisme;Z2 - Vallon-Pont-d'Arc / Salavas;
Ardèche (07);Lalevade-d'Ardèche;7380;Camping;Camping A l'ombre des Sycomores;Quartier le Perdu, 07380 Lalevade-d'Ardèche;44.659078;4.314331;;#;;DATAtourisme;Z7b - Aubenas / Vals / Villeneuve (Haute Ardèche);
Ardèche (07);Lalevade-d'Ardèche;7380;Camping;Camping La Bourgnette;07380 Lalevade-d'Ardèche;44.653;4.315;;;;Compilation locale;Z7b - Aubenas / Vals / Villeneuve (Haute Ardèche);
Ardèche (07);Lalevade-d'Ardèche;7380;Site touristique;Gorges de la Fontaulière;07380 Lalevade-d'Ardèche;44.653;4.315;;;;Compilation locale;Z7b - Aubenas / Vals / Villeneuve (Haute Ardèche);
Ardèche (07);Lanas;7200;Camping;Camping de l'Arche;240 Route de Vogüé, 07200 Lanas;44.537281;4.40393;;#http://www.camping-de-larche.fr/;;DATAtourisme;Z7a - Balazuc → Vogüé (Ardèche moyenne);
;Largentière;7110;Hôtel;Hôtel Domaine de l'Eau Vive;758 Chemin du Roubreau, 07110 Largentière;44.533351;4.288199;;#http://www.domainedeleauvive-largentiere.fr/;;DATAtourisme;Z10 - Largentière;
Ardèche (07);Larnas;7220;Camping;Camping Capfun Imbours;3673 route de Saint-Remèze, 07220 Larnas;44.436737;4.577544;;#http://www.domaine-imbours.com/;;DATAtourisme;Z9 - Ardèche rhodanienne (Bourg / Viviers / Alba);
;Larnas;7220;Office de tourisme;Office de Tourisme Gorges de l'Ardèche - Pont d'Arc - Bureau de Larnas;Le village, 07220 Larnas;44.448834;4.598119;;#https://www.gorges-ardeche-pontdarc.fr/;;DATAtourisme;Z9 - Ardèche rhodanienne (Bourg / Viviers / Alba);
;Larnas;7220;Site touristique;Mad Maze Expérience;Les Blâches 2850, route de Saint Remèze, 07220 Larnas;44.442497;4.583144;;#http://www.madmaze-experience.com/;;DATAtourisme;Z9 - Ardèche rhodanienne (Bourg / Viviers / Alba);
;Laurac-en-Vivarais;7110;Camping;Camping les Châtaigniers;515 Route de Rabette, 07110 Laurac-en-Vivarais;44.503580;4.294292;;#http://www.chataigniers-laurac.com/;;DATAtourisme;Z10 - Largentière;
;Laurac-en-Vivarais;7110;Camping;Flower Camping Saint Amand;610 Chemin de Saint-Amant, 07110 Laurac-en-Vivarais;44.499728;4.306142;;#http://www.campingsaintamand.com/;;DATAtourisme;Z10 - Largentière;
Ardèche (07);Lavilledieu;7170;Camping;Camping les Rives d'Auzon;505 Route du Viaduc, 07170 Lavilledieu;44.563712;4.461771;;#https://camping-rivesdauzon.fr/;;DATAtourisme;Z7b - Aubenas / Vals / Villeneuve (Haute Ardèche);
Ardèche (07);Lavilledieu;7170;Hôtel;Hôtel les Persèdes;420 Chemin des Persèdes, 07170 Lavilledieu;44.588746;4.446052;;#http://www.lespersedes.com/;;DATAtourisme;Z7b - Aubenas / Vals / Villeneuve (Haute Ardèche);
;Les Vans;7140;Camping;Camping Domaine des Chênes;275 route de Chassagnes, 07140 Les Vans;44.409501;4.167573;;#http://www.domaine-des-chenes.fr/;;DATAtourisme;Z6 - Les Vans / Cévennes ardéchoises;
Ardèche (07);Les Vans;7140;Camping;Camping Lou Rouchetou;Chassagnes 243 chemin du pigeonnier, 07140 Les Vans;44.410884;4.171199;;#http://www.camping-lourouchetou.com/;;DATAtourisme;Z6 - Les Vans / Cévennes ardéchoises;
Ardèche (07);Les Vans;7140;Camping;Camping le Pradal;35 Route de Villefort, le Pradal, 07140 Les Vans;44.408577;4.110351;;#http://www.camping-lepradal.com/;;DATAtourisme;Z6 - Les Vans / Cévennes ardéchoises;
Ardèche (07);Les Vans;7140;Hôtel;Hôtel le Mas de l'Espaïre;70 Route de Saint Paul, 07140 Les Vans;44.394992;4.165598;;#http://www.hotel-espaire.fr/;;DATAtourisme;Z6 - Les Vans / Cévennes ardéchoises;
Ardèche (07);Les Vans;7140;Hôtel;Hôtel le Vanséen;110 Route des Gras, 07140 Les Vans;44.403065;4.132402;;#https://www.hotellevanseen.fr/;;DATAtourisme;Z6 - Les Vans / Cévennes ardéchoises;
Ardèche (07);Les Vans;7140;Office de tourisme;Office de Tourisme Cévennes d'Ardèche - Bureau des Vans;place Léopold Ollier, 07140 Les Vans;44.405521;4.130304;;#https://www.cevennes-ardeche.com/;;DATAtourisme;Z6 - Les Vans / Cévennes ardéchoises;
Ardèche (07);Les Vans;7140;Site touristique;Musée des Vans;4 Rue du Couvent Bâtiment du centre d'accueil, 07140 Les Vans;44.404473;4.133998;;#https://www.les-vans.fr/vivre-ici/structures-culturelles/musee/;;DATAtourisme;Z6 - Les Vans / Cévennes ardéchoises;
Ardèche (07);Lussas;7170;Camping;Le Ludo Camping;70 chemin de Bourgeon, 07170 Lussas;44.604998;4.470861;;#http://www.ludocamping.com/<>https://www.instagram.com/ludo.camping/;;DATAtourisme;Z7b - Aubenas / Vals / Villeneuve (Haute Ardèche);
Ardèche (07);Lussas;7170;Site touristique;Parc animalier de Lussas;310 chemin de la fabrique, 07170 Lussas;44.602278;4.470148;;#http://www.parc-animalier-ardeche.com/;;DATAtourisme;Z7b - Aubenas / Vals / Villeneuve (Haute Ardèche);
Ardèche (07);Mercuer;7200;Hôtel;Hôtel Aux Vieux Arceaux;9 route des arceaux, 07200 Mercuer;44.630906;4.359556;;#http://www.auxvieuxarceaux.com/;;DATAtourisme;Z7a - Balazuc → Vogüé (Ardèche moyenne);
Ardèche (07);Meyras;7380;Camping;Camping Domaine de la Plage -Adultes Only (16ans et +);Neyrac les Bains 2435 route du Puy en Velay, 07380 Meyras;44.673017;4.259628;;#http://www.domainedelaplage.com/;;DATAtourisme;Z7b - Aubenas / Vals / Villeneuve (Haute Ardèche);
Ardèche (07);Meyras;7380;Camping;Camping le Barutel;25 rue des Magnaneries Quartier le Barutel, 07380 Meyras;44.671199;4.268593;;#http://www.camping-lebarutel.com/;;DATAtourisme;Z7b - Aubenas / Vals / Villeneuve (Haute Ardèche);
Ardèche (07);Meyras;7380;Camping;Camping le Ventadour;213 Route du Puy en Velay, 07380 Meyras;44.668217;4.283437;;#http://www.leventadour.com/;;DATAtourisme;Z7b - Aubenas / Vals / Villeneuve (Haute Ardèche);
Ardèche (07);Meyras;7380;Office de tourisme;Office de Tourisme Sources & volcans - bureau de Meyras/Neyrac-les-Bains;2, Place du bosquet Neyrac-les-Bains, 07380 Meyras;44.673275;4.258454;;#https://sourcesvolcans.com/office-de-tourisme-sources-volcans-bureau-de-meyras-neyrac-les-bains;;DATAtourisme;Z7b - Aubenas / Vals / Villeneuve (Haute Ardèche);
Ardèche (07);Meyras;7380;Site touristique;Le petit musée de Dédé;12 rue de la Viguerie, 07380 Meyras;44.681133;4.266889;;#http://www.ardeche-gites.fr/;;DATAtourisme;Z7b - Aubenas / Vals / Villeneuve (Haute Ardèche);
Ardèche (07);Meyras;7380;Site touristique;Neyrac-les-Bains (station thermale);07380 Meyras;44.658;4.318;;;;Compilation locale;Z7b - Aubenas / Vals / Villeneuve (Haute Ardèche);
Ardèche (07);Mirabel;7170;Office de tourisme;Office de Tourisme Berg et Coiron;590 chemin de la Cave, 07170 Mirabel;44.563643;4.474804;;#http://www.berg-coiron-tourisme.com/;;DATAtourisme;Z7b - Aubenas / Vals / Villeneuve (Haute Ardèche);
;Planzolles;7230;Site touristique;Terra Cabra - Musée de la chèvre et du picodon;85 impasse de l’Ubac, 07230 Planzolles;44.486823;4.153336;;#http://terracabra.com/;;DATAtourisme;Z8 - Joyeuse / Rosières;
Ardèche (07);Pont-de-Labeaume;7380;Camping;Camping La Charderie;410 Route de Bayzan, 07380 Pont-de-Labeaume;44.664775;4.293803;;#http://www.camping-lacharderie.com/;;DATAtourisme;Z7b - Aubenas / Vals / Villeneuve (Haute Ardèche);
Ardèche (07);Pradons;7120;Camping;Camping de Laborie;780 Route de Ruoms, 07120 Pradons;44.479506;4.377998;;#http://www.campingdelaborie.com/;;DATAtourisme;Z3 - Ruoms / Sampzon / Gorge aval;
Ardèche (07);Pradons;7120;Camping;Camping du Pont;225 A Route du Cirque de Gens, 07120 Pradons;44.473872;4.353215;;#http://www.campingdupontardeche.com/;;DATAtourisme;Z3 - Ruoms / Sampzon / Gorge aval;
Ardèche (07);Pradons;7120;Camping;Camping les Coudoulets;120, Chemin de l'Ardèche, 07120 Pradons;44.476501;4.358681;;#http://www.coudoulets.com/;;DATAtourisme;Z3 - Ruoms / Sampzon / Gorge aval;
;Ribes;7260;Camping;Camping les Cruses;210 route du Gineste, 07260 Ribes;44.492499;4.207115;;#http://www.campinglescruses.com/;;DATAtourisme;Z8 - Joyeuse / Rosières;
Ardèche (07);Rochecolombe;7120;Camping;Camping Les Cascades;07120 Rochecolombe;44.49;4.335;;;;Compilation locale;Z3 - Ruoms / Sampzon / Gorge aval;
Ardèche (07);Rochecolombe;7200;Hôtel;Le Cocon du Grand Devois;1575 Route de Lagorce Le Grand Devois de la Bruyère, 07200 Rochecolombe;44.516762;4.418137;;#https://www.gites-de-france-ardeche.com/fiche-hebergement-530.html;;DATAtourisme;Z3 - Ruoms / Sampzon / Gorge aval;
;Rosières;7260;Camping;Camping Acacias;Camping Acacias 335 Route de Ribeyre  Bouchet, 07260 Rosières;44.486162;4.240240;;#http://www.camping-ardeche-acacias.com/;;DATAtourisme;Z8 - Joyeuse / Rosières;
;Rosières;7260;Camping;Camping Les Hortensias;430 route Ribeyre - Bouchet, 07260 Rosières;44.487482;4.239650;;#http://www.camping-leshortensias.com/<>http://www.leshortensias.com/;;DATAtourisme;Z8 - Joyeuse / Rosières;
Ardèche (07);Rosières;7260;Camping;Camping le Grillou;590 Route de Joyeuse, 07260 Rosières;44.482389;4.25444;;#http://www.camping-legrillou.fr/;;DATAtourisme;Z8 - Joyeuse / Rosières;
;Rosières;07260;Camping;Camping les Oliviers;1515 route de la charve, 07260 Rosières;44.473177;4.270720;;#http://www.camping-lesoliviers.fr/;;DATAtourisme;Z8 - Joyeuse / Rosières;
Ardèche;Rosières;07260;Camping;Camping les Platanes;3600 route de la Charve, 07260 Rosières;44.457470;4.277764;;#http://www.campinglesplatanesardeche.com/;;DATAtourisme;Z8 - Joyeuse / Rosières;
Ardèche;Rosières;07260;Camping;Domaine Arleblanc Camping;2720 route de la Charve, 07260 Rosières;44.464397;4.273100;;#http://www.arleblanc.com/;;DATAtourisme;Z8 - Joyeuse / Rosières;
Ardèche (07);Rosières;7260;Hôtel;Hôtel le Mas de Baume;280, chemin de baume, 07260 Rosières;44.510829;4.261624;;#http://mas-de-baume.com/;;DATAtourisme;Z8 - Joyeuse / Rosières;
Ardèche (07);Ruoms;7120;Camping;Camping Les Cruses;07120 Ruoms;44.46;4.34;;;;Compilation locale;Z3 - Ruoms / Sampzon / Gorge aval;
Ardèche (07);Ruoms;7120;Camping;Camping Yelloh! Village - Aluna Vacances;900 Route de Lagorce, 07120 Ruoms;44.446404;4.364662;;#http://www.alunavacances.fr/;;DATAtourisme;Z3 - Ruoms / Sampzon / Gorge aval;
Ardèche (07);Ruoms;7120;Camping;Camping Yelloh! Village la Plaine;247 chemin de la Plaine, 07120 Ruoms;44.427336;4.335405;;#http://www.camping-la-plaine.com/;;DATAtourisme;Z3 - Ruoms / Sampzon / Gorge aval;
Ardèche (07);Ruoms;7120;Camping;Camping la Chapoulière;140, Chapoulière, 07120 Ruoms;44.431158;4.329549;;#http://www.lachapouliere.com/;;DATAtourisme;Z3 - Ruoms / Sampzon / Gorge aval;
Ardèche (07);Ruoms;7120;Camping;Camping la Grand'Terre;64 chemin de la Grand'Terre, 07120 Ruoms;44.424923;4.331886;;#http://www.campinglagrandterre.com/;;DATAtourisme;Z3 - Ruoms / Sampzon / Gorge aval;
Ardèche (07);Ruoms;7120;Hôtel;Hôtel Savel;38 rue des Brasseries, 07120 Ruoms;44.455388;4.336311;;#http://www.hotel-savel.com/;;DATAtourisme;Z3 - Ruoms / Sampzon / Gorge aval;
Ardèche (07);Ruoms;7120;Office de tourisme;Office de Tourisme Gorges de l'Ardèche Pont d'Arc - Bureau de Ruoms;9 Rue Alphonse Daudet, 07120 Ruoms;44.453877;4.342083;;#https://www.gorges-ardeche-pontdarc.fr/;;DATAtourisme;Z3 - Ruoms / Sampzon / Gorge aval;
Ardèche (07);Ruoms;7120;Site touristique;Air Jey Filets;157 chemin des Cigalons, 07120 Ruoms;44.428746;4.341401;;#https://www.airjeyfilets.com/;;DATAtourisme;Z3 - Ruoms / Sampzon / Gorge aval;
Ardèche (07);Ruoms;7120;Site touristique;Néovinum : Plongez dans l'univers des Vignerons Ardéchois !;Boulevard de l'Europe Unie Face Super U, 07120 Ruoms;44.442570;4.346096;;#http://www.vignerons-ardechois.com/<>http://www.neovinum.fr/;;DATAtourisme;Z3 - Ruoms / Sampzon / Gorge aval;
Ardèche (07);Saint-Alban-Auriolles;7120;Camping;Camping Yelloh! Village Le Ranc Davaine;500 Chemin du Ranc Davaine, 07120 Saint-Alban-Auriolles;44.413689;4.272019;;#http://www.camping-ranc-davaine.fr/;;DATAtourisme;Z3 - Ruoms / Sampzon / Gorge aval;
;Saint-Alban-Auriolles;7120;Camping;Camping le Mas de Chavetourte;670 Chemin de Chavetourte, 07120 Saint-Alban-Auriolles;44.447737;4.321253;;#http://www.chavetourte.com/;;DATAtourisme;Z3 - Ruoms / Sampzon / Gorge aval;
Ardèche (07);Saint-Alban-Auriolles;7120;Office de tourisme;Point Info Saint-Alban-Auriolles;Avenue Pasteur, 07120 Saint-Alban-Auriolles;44.425189;4.298763;;#;;DATAtourisme;Z3 - Ruoms / Sampzon / Gorge aval;
Ardèche (07);Saint-Alban-Auriolles;7120;Site touristique;Mas Daudet  musée & parc;710 chemin de la Vignasse, 07120 Saint-Alban-Auriolles;44.407297;4.276428;;#https://www.masdaudet.com/;;DATAtourisme;Z3 - Ruoms / Sampzon / Gorge aval;
Ardèche;Berrias-et-Casteljau;07460;Camping;Camping Les Cigales;Camping Les Cigales, 1039 Chem. de la Rouvière,;44.378698;4.211862;;;;Compilation locale;Z6 - Les Vans / Cévennes ardéchoises;
Ardèche (07);Saint-Didier-sous-Aubenas;7200;Camping;Camping le Verger de Jastres;44 Route de Montélimar, 07200 Saint-Didier-sous-Aubenas;44.606139;4.418038;;#http://www.camping-levergerdejastres.com/;;DATAtourisme;Z7a - Balazuc → Vogüé (Ardèche moyenne);
Ardèche (07);Saint-Didier-sous-Aubenas;7200;Hôtel;B&B Hôtel Aubenas;280 Chemin des Vignettes, 07200 Saint-Didier-sous-Aubenas;44.611334;4.411861;;#http://www.hotel-bb.com/;;DATAtourisme;Z7a - Balazuc → Vogüé (Ardèche moyenne);
Ardèche (07);Saint-Just-d'Ardèche;7700;Camping;Camping de la Plage;285 Chemin du Pont Cassé, 07700 Saint-Just-d'Ardèche;44.281667;4.615626;;#https://www.campingdelaplage-ardeche.com/;;DATAtourisme;Z9 - Ardèche rhodanienne (Bourg / Viviers / Alba);
Ardèche (07);Saint-Just-d'Ardèche;7700;Camping;Camping des Ponts;Plage du Pont Cassé 220, Chemin du Pont Cassé, 07700 Saint-Just-d'Ardèche;44.282566;4.61388;;#http://www.camping-des-ponts.fr/;;DATAtourisme;Z9 - Ardèche rhodanienne (Bourg / Viviers / Alba);
Ardèche (07);Saint-Just-d'Ardèche;7700;Site touristique;Musée d'Art Moderne;Le village RN86, 07700 Saint-Just-d'Ardèche;44.30337;4.613555;;#http://museesaintjust.free.fr/;;DATAtourisme;Z9 - Ardèche rhodanienne (Bourg / Viviers / Alba);
Ardèche (07);Saint-Martin-d'Ardèche;7700;Camping;Camping Huttopia le Moulin;125 rue Candelas du Moulin, 07700 Saint-Martin-d'Ardèche;44.299988;4.573145;;#https://europe.huttopia.com/site/camping-le-moulin-ardeche/?utm_medium=annuaire&utm_source=ArdecheTourisme.comFR<>https://europe.huttopia.com/site/camping-le-moulin-ardeche/;;DATAtourisme;Z1 - Gorges de l'Ardèche (belvédères);
Ardèche (07);Saint-Martin-d'Ardèche;7700;Camping;Camping Municipal Le Village;CHEMIN LA JOYEUSE, 07700 Saint-Martin-d'Ardèche;44.30353;4.566027;;#http://campinglevillage-ardeche.jimdo.com/;;DATAtourisme;Z1 - Gorges de l'Ardèche (belvédères);
Ardèche (07);Saint-Martin-d'Ardèche;7700;Camping;Camping la Revire;07700 Saint-Martin-d'Ardèche;44.303981;4.561901;;#;;DATAtourisme;Z1 - Gorges de l'Ardèche (belvédères);
Ardèche (07);Saint-Martin-d'Ardèche;7700;Camping;Camping le Castelas;275 Chemin de Tabion, 07700 Saint-Martin-d'Ardèche;44.305731;4.559798;;#http://www.campinglecastelas.com/;;DATAtourisme;Z1 - Gorges de l'Ardèche (belvédères);
Ardèche (07);Saint-Martin-d'Ardèche;7700;Camping;Camping le Pontet;100 chemin travers du haut plan camping le pontet, 07700 Saint-Martin-d'Ardèche;44.304257;4.585118;;#http://www.campinglepontet.com/;;DATAtourisme;Z1 - Gorges de l'Ardèche (belvédères);
Ardèche (07);Saint-Martin-d'Ardèche;7700;Hôtel;Hôtel Bellevue;440, Rue du Candèlas du moulin, 07700 Saint-Martin-d'Ardèche;44.301132;4.567384;;#http://www.hotel-bellevue-restaurant.com/;;DATAtourisme;Z1 - Gorges de l'Ardèche (belvédères);
Ardèche (07);Saint-Martin-d'Ardèche;7700;Hôtel;Hôtel Les Petits Oreillers;60 Rue du Candelas au Sablas, 07700 Saint-Martin-d'Ardèche;44.30143;4.567081;;#https://lespetitsoreillers.jimdofree.com/;;DATAtourisme;Z1 - Gorges de l'Ardèche (belvédères);
Ardèche (07);Saint-Martin-d'Ardèche;7700;Hôtel;Hôtel l'Escarbille;60, rue Andronne, 07700 Saint-Martin-d'Ardèche;44.302417;4.564319;;#http://www.hotel-restaurant-lescarbille.com/;;DATAtourisme;Z1 - Gorges de l'Ardèche (belvédères);
Ardèche (07);Saint-Martin-d'Ardèche;7700;Office de tourisme;Office de tourisme Gorges de l'Ardèche - Pont d'Arc - Bureau de Saint-Martin d'Ardèche;1 place de l'église, 07700 Saint-Martin-d'Ardèche;44.301708;4.56557;;#https://www.gorges-ardeche-pontdarc.fr/;;DATAtourisme;Z1 - Gorges de l'Ardèche (belvédères);
Ardèche (07);Saint-Maurice-d'Ibie;7170;Camping;Camping le Sous Bois;1450 Route de Vallon, 07170 Saint-Maurice-d'Ibie;44.489153;4.476083;;#http://www.le-sous-bois.fr/;;DATAtourisme;Z2 - Vallon-Pont-d'Arc / Salavas;
;Saint-Montant;7220;Site touristique;Château de Saint-Montant (XIIe);07220 Saint-Montant;44.441402;4.622412;;;;Compilation locale;Z9 - Ardèche rhodanienne (Bourg / Viviers / Alba);
Ardèche (07);Saint-Privat;7200;Camping;Camping le Plan d'Eau;42 route de l'Echelette, 07200 Saint-Privat;44.619188;4.432168;;#https://www.campingleplandeau.com/;;DATAtourisme;Z7a - Balazuc → Vogüé (Ardèche moyenne);
Ardèche (07);Saint-Remèze;7700;Camping;Camping Carrefour de l'Ardèche;Quartier Gourdaud 429 Route de Bourg, 07700 Saint-Remèze;44.390924;4.511733;;#https://www.campingcarrefourardeche.fr/;;DATAtourisme;Z1 - Gorges de l'Ardèche (belvédères);
Ardèche (07);Saint-Remèze;7700;Camping;Camping Domaine de Briange;1890 Route de Gras Camping Domaine de Briange, 07700 Saint-Remèze;44.407634;4.515685;;#http://www.campingdebriange.com/<>http://www.domainedebriange.fr/;;DATAtourisme;Z1 - Gorges de l'Ardèche (belvédères);
Ardèche (07);Saint-Remèze;7700;Camping;Camping Naturiste la Plage des Templiers;Route touristique des Gorges Le Bas-Lavis, 07700 Saint-Remèze;44.340946;4.499416;;#http://www.camping-templiers-ardeche.com/;;DATAtourisme;Z1 - Gorges de l'Ardèche (belvédères);
Ardèche (07);Saint-Remèze;7700;Camping;Camping la Résidence d'Eté;120 Rue de la Batteuse, 07700 Saint-Remèze;44.392295;4.504615;;#http://www.campinglaresidence.com/;;DATAtourisme;Z1 - Gorges de l'Ardèche (belvédères);
;Saint-Remèze;7700;Site touristique;Maison de la Lavande Ardèche / Producteur-Distillateur & Musée;2200 Route des Gorges D 490, 07700 Saint-Remèze;44.384989;4.476414;;#https://www.lamaisondelalavande.com/<>https://www.lavandaisenprovence.com/fr/67-cadeaux-coffrets;;DATAtourisme;Z1 - Gorges de l'Ardèche (belvédères);
Ardèche (07);Salavas;7150;Camping;Camping de l'Ardèche - Vallon Pont d'Arc;100 Chemin de la Plage, 07150 Salavas;44.397478;4.383416;;#https://www.campingdelardeche-vallonpontdarc.com/;;DATAtourisme;Z2 - Vallon-Pont-d'Arc / Salavas;
Ardèche (07);Salavas;7150;Camping;Camping le Chauvieux;40 Chemin de la Plage, 07150 Salavas;44.397072;4.383008;;#http://www.camping-le-chauvieux.com/;;DATAtourisme;Z2 - Vallon-Pont-d'Arc / Salavas;
Ardèche (07);Salavas;7150;Camping;Camping le Clapas;280 Chemin de la Vernède, 07150 Salavas;44.393699;4.395089;;#https://www.camping-le-clapas.com/;;DATAtourisme;Z2 - Vallon-Pont-d'Arc / Salavas;
Ardèche (07);Salavas;7150;Camping;Camping le Pequelet;1745 Route de Chassel, 07150 Salavas;44.391285;4.39848;;#http://www.lepequelet.com/;;DATAtourisme;Z2 - Vallon-Pont-d'Arc / Salavas;
Ardèche (07);Salavas;7150;Camping;Domaine des Blachas;2590 Route du Chassel, 07150 Salavas;44.388179;4.404338;;#http://www.lesblachas.com/;;DATAtourisme;Z2 - Vallon-Pont-d'Arc / Salavas;
Ardèche (07);Salavas;7150;Hôtel;Hôtel des Sites;705 Route de Barjac, 07150 Salavas;44.394886;4.378803;;#http://www.hoteldessites.com/;;DATAtourisme;Z2 - Vallon-Pont-d'Arc / Salavas;
Ardèche (07);Salavas;7150;Office de tourisme;Point Info Salavas;755 Route de Barjac, 07150 Salavas;44.394374;4.378807;;#;;DATAtourisme;Z2 - Vallon-Pont-d'Arc / Salavas;
Ardèche (07);Sampzon;7120;Camping;Camping Aloha Plage **** Sud ARDECHE;07120 208 Chemin des Pibous, 07120 Sampzon;44.425881;4.353880;;#http://www.campingalohaplage.fr/;;DATAtourisme;Z3 - Ruoms / Sampzon / Gorge aval;
Ardèche (07);Sampzon;7120;Camping;Camping RCN la Bastide en Ardèche;1 Route d'Alès, 07120 Sampzon;44.42293;4.321389;;#http://www.rcn.fr/;;DATAtourisme;Z3 - Ruoms / Sampzon / Gorge aval;
Ardèche (07);Sampzon;7120;Camping;Camping Sandaya Soleil Vivarais;N°3342 Route du rocher, 07120 Sampzon;44.429289;4.355361;;#https://www.sandaya.fr/nos-campings/le-soleil-vivarais;;DATAtourisme;Z3 - Ruoms / Sampzon / Gorge aval;
Ardèche (07);Sampzon;7120;Camping;Camping Sun Camping;10 chemin des Pibous Quartier Gadonnes, 07120 Sampzon;44.428784;4.353375;;#http://www.suncamping.com/;;DATAtourisme;Z3 - Ruoms / Sampzon / Gorge aval;
Ardèche (07);Sampzon;7120;Camping;Camping le Chassezac;RD 111 748 Route d'Alès, 07120 Sampzon;44.422853;4.314086;;#https://www.camping-lechassezac-ardeche.com/;;DATAtourisme;Z3 - Ruoms / Sampzon / Gorge aval;
Ardèche (07);Sampzon;7120;Camping;Camping le Mas de la Source;160, Chemin des vignes, 07120 Sampzon;44.422678;4.346402;;#http://www.campingmasdelasource.com/;;DATAtourisme;Z3 - Ruoms / Sampzon / Gorge aval;
Ardèche (07);Sampzon;7120;Camping;Flower Camping le Riviera;3318 Route du Rocher, 07120 Sampzon;44.428907;4.355274;;#http://www.campingleriviera.com/;;DATAtourisme;Z3 - Ruoms / Sampzon / Gorge aval;
;Sanilhac;7110;Hôtel;Auberge de la tour de Brison;300 chemin La Chapelette, 07110 Sanilhac;44.534996;4.246138;;#http://www.belinbrison.com/;;DATAtourisme;Z10 - Largentière;
;Sanilhac;7110;Hôtel;Hôtel la Bastide de Sanilhac;505 impasse La Bastide, 07110 Sanilhac;44.542297;4.256478;;#http://www.hotel-bastide-sanilhac.com/;;DATAtourisme;Z10 - Largentière;
;Uzer;7110;Camping;Camping les Acacias;Le Saut, 07110 Uzer;44.525326;4.328334;;#http://www.camping-lesacacias.com/;;DATAtourisme;Z10 - Largentière;
Ardèche;Uzer;7110;Camping;Village Nature Zen;365 Impasse de Fontane, 07110 Uzer;44.506836;4.322273;;#;;DATAtourisme;Z10 - Largentière;
Ardèche (07);Vagnas;7150;Camping;Camping Parc St Sauvayre;800, Route de Labastide, 07150 Vagnas;44.348604;4.37655;;#https://www.camping-parc-st-sauvayre.com/;;DATAtourisme;Z1 - Gorges de l'Ardèche (belvédères);
Ardèche (07);Vagnas;7150;Camping;Camping la Goule;93, La Goule, 07150 Vagnas;44.357181;4.382569;;#http://www.campinglagoule.com/;;DATAtourisme;Z1 - Gorges de l'Ardèche (belvédères);
Ardèche (07);Vagnas;7150;Camping;Camping la Rouvière les Pins;1380, chemin de la Rouvière, 07150 Vagnas;44.34232;4.347829;;#http://www.rouviere07.com/;;DATAtourisme;Z1 - Gorges de l'Ardèche (belvédères);
Ardèche (07);Vagnas;7150;Hôtel;Hôtel**** La Bastide d'Iris;280, Route de Barjac, 07150 Vagnas;44.343925;4.363243;;#http://www.labastidediris.com/;;DATAtourisme;Z1 - Gorges de l'Ardèche (belvédères);
Ardèche (07);Vagnas;7150;Site touristique;Musée Médiéval de Vagnas « Le temps de Vagnas »;385, Rue de la Fontinelle, 07150 Vagnas;44.344685;4.366374;;#;;DATAtourisme;Z1 - Gorges de l'Ardèche (belvédères);
Ardèche (07);Vagnas;7150;Site touristique;Parc animalier des Gorges de l'Ardèche;1800 route de Brujas, 07150 Vagnas;44.349285;4.346952;;#https://www.parcanimalier07.com/;;DATAtourisme;Z1 - Gorges de l'Ardèche (belvédères);
Ardèche (07);Valgorge;7110;Hôtel;Hôtel Auberge le Romarin;Saint Martin, 07110 Valgorge;44.590528;4.119229;;#http://www.le-romarin.com/;;DATAtourisme;Z6 - Les Vans / Cévennes ardéchoises;
Ardèche (07);Valgorge;7110;Hôtel;Hôtel le Tanargue;81 ruelle du Tanargue, 07110 Valgorge;44.587703;4.128161;;#http://www.hotel-le-tanargue.com/;;DATAtourisme;Z6 - Les Vans / Cévennes ardéchoises;
Ardèche (07);Vallon-Pont-d'Arc;7150;Camping;Camping Arc en Ciel;Quartier les Mazes 359 chemin du Moulin, 07150 Vallon-Pont-d'Arc;44.412079;4.350640;;#http://www.campingarcencielardeche.com/;;DATAtourisme;Z2 - Vallon-Pont-d'Arc / Salavas;
Ardèche (07);Vallon-Pont-d'Arc;7150;Camping;Camping Ardèche Midi;"""Le Pont d'Arc"" 5562 Route des Gorges, 07150 Vallon-Pont-d'Arc";44.376508;4.421149;;#http://www.camping-ardeche-midi.fr/;;DATAtourisme;Z2 - Vallon-Pont-d'Arc / Salavas;
Ardèche (07);Vallon-Pont-d'Arc;7150;Camping;Camping Beau Rivage **** sud Ardèche;07150 714 chemin du savel, 07150 Vallon-Pont-d'Arc;44.406515;4.364190;;#http://www.beaurivage-camping.fr/;;DATAtourisme;Z2 - Vallon-Pont-d'Arc / Salavas;
Ardèche (07);Vallon-Pont-d'Arc;7150;Camping;Camping Camp des Gorges;5898 Route des Gorges, 07150 Vallon-Pont-d'Arc;44.376662;4.424926;;#http://www.camping-camp-des-gorges.com/;;DATAtourisme;Z2 - Vallon-Pont-d'Arc / Salavas;
Ardèche (07);Vallon-Pont-d'Arc;7150;Camping;Camping Nature Parc l'Ardéchois;934, Route des Gorges, 07150 Vallon-Pont-d'Arc;44.398145;4.398888;;#http://www.ardechois-camping.com/;;DATAtourisme;Z2 - Vallon-Pont-d'Arc / Salavas;
Ardèche (07);Vallon-Pont-d'Arc;7150;Camping;Camping des Tunnels;2242, Route des Gorges, 07150 Vallon-Pont-d'Arc;44.390096;4.405046;;#http://www.ardeche-vacance.com/;;DATAtourisme;Z2 - Vallon-Pont-d'Arc / Salavas;
Ardèche (07);Vallon-Pont-d'Arc;7150;Camping;Camping la Plage Fleurie*****;225 chemin de la Galine, 07150 Vallon-Pont-d'Arc;44.409212;4.354963;;#http://www.laplagefleurie.com/;;DATAtourisme;Z2 - Vallon-Pont-d'Arc / Salavas;
Ardèche (07);Vallon-Pont-d'Arc;7150;Camping;Camping la Roubine;672, Chemin de la Roubine, 07150 Vallon-Pont-d'Arc;44.405611;4.379168;;#https://www.sandaya.fr/nos-campings/la-roubine;;DATAtourisme;Z2 - Vallon-Pont-d'Arc / Salavas;
Ardèche (07);Vallon-Pont-d'Arc;7150;Camping;Camping le Vieux Vallon;Quartier la Combe 206 chemin du Vieux Vallon, 07150 Vallon-Pont-d'Arc;44.39971;4.400953;;#http://www.campingvieuxvallon.com/;;DATAtourisme;Z2 - Vallon-Pont-d'Arc / Salavas;
Ardèche (07);Vallon-Pont-d'Arc;7150;Camping;Les Rives d'Arc;1050 Route des Gorges, 07150 Vallon-Pont-d'Arc;44.397671;4.400201;;#http://www.rivesdarc.com/;;DATAtourisme;Z2 - Vallon-Pont-d'Arc / Salavas;
Ardèche (07);Vallon-Pont-d'Arc;7150;Camping;Yelloh ! Village Domaine de l'Esquiras;1280, Chemin du Fez, 07150 Vallon-Pont-d'Arc;44.415165;4.378023;;#http://www.camping-esquiras.com/<>https://www.yellohvillage.fr/camping/domaine_de_l_esquiras?utm_source=OT&utm_medium=Linking&utm_campaign=OT;;DATAtourisme;Z2 - Vallon-Pont-d'Arc / Salavas;
Ardèche (07);Vallon-Pont-d'Arc;7150;Hôtel;Hôtel Restaurant le Clos des Bruyères;347 Route des Gorges, 07150 Vallon-Pont-d'Arc;44.399337;4.391962;;#http://www.closdesbruyeres.fr/;;DATAtourisme;Z2 - Vallon-Pont-d'Arc / Salavas;
Ardèche (07);Vallon-Pont-d'Arc;7150;Hôtel;Hôtel Villa Walbaum****;615 Route des Estrades, 07150 Vallon-Pont-d'Arc;44.408095;4.368791;;#https://domainewalbaum.com/hotel-villa-walbaum/;;DATAtourisme;Z2 - Vallon-Pont-d'Arc / Salavas;
Ardèche (07);Vallon-Pont-d'Arc;7150;Hôtel;Hôtel le Belvédère***;Quartier Rouvière 5279 Route des Gorges, 07150 Vallon-Pont-d'Arc;44.378441;4.419122;;#http://www.hotel-ardeche-belvedere.com/;;DATAtourisme;Z2 - Vallon-Pont-d'Arc / Salavas;
Ardèche (07);Vallon-Pont-d'Arc;7150;Office de tourisme;Office de Tourisme Gorges de l'Ardèche Pont d'Arc - Bureau de Vallon Pont d'Arc;16 chemin des Abeilles, quartier Ratière, 07150 Vallon-Pont-d'Arc;44.405810;4.397364;;#https://www.gorges-ardeche-pontdarc.fr/;;DATAtourisme;Z2 - Vallon-Pont-d'Arc / Salavas;
Ardèche;Vallon-Pont-d'Arc;7150;Point de départ;La Nougaterie du Pont d'Arc;43 Rue de la Digue, 07150 Vallon-Pont-d'Arc;44.400498;4.387193;;;;Manuel;Z2 - Vallon-Pont-d'Arc / Salavas;
Ardèche (07);Vallon-Pont-d'Arc;7150;Site touristique;Parc de loisirs Accroche-toi aux branches;Les Mazes 147 Chemin du Moulin, 07150 Vallon-Pont-d'Arc;44.409665;4.351509;;#http://www.accrochetoiauxbranches.fr/;;DATAtourisme;Z2 - Vallon-Pont-d'Arc / Salavas;
Ardèche (07);Vals-les-Bains;7600;Camping;Camping Municipal Le Vivarais;Av. Paul Ribeyre, 07600 Vals-les-Bains;44.665;4.364;;;;Compilation locale;Z7b - Aubenas / Vals / Villeneuve (Haute Ardèche);
Ardèche (07);Vals-les-Bains;7600;Hôtel;Grand Hôtel de Lyon;11, Avenue Paul Ribeyre, 07600 Vals-les-Bains;44.657639;4.368299;;#https://www.grandhoteldelyon.com/;;DATAtourisme;Z7b - Aubenas / Vals / Villeneuve (Haute Ardèche);
Ardèche (07);Vals-les-Bains;7600;Hôtel;Grand Hôtel des Bains;3, Montée de l'Hôtel des Bains, 07600 Vals-les-Bains;44.657466;4.369919;;#https://www.domainedesbains.com/;;DATAtourisme;Z7b - Aubenas / Vals / Villeneuve (Haute Ardèche);
Ardèche (07);Vals-les-Bains;7600;Hôtel;Hôtel Helvie;5, Avenue Claude Expilly, 07600 Vals-les-Bains;44.655667;4.367271;;#http://www.hotel-helvie.com/;;DATAtourisme;Z7b - Aubenas / Vals / Villeneuve (Haute Ardèche);
Ardèche (07);Vals-les-Bains;7600;Hôtel;Hôtel Vivarais;07600 Vals-les-Bains;44.664;4.365;;;;Compilation locale;Z7b - Aubenas / Vals / Villeneuve (Haute Ardèche);
Ardèche (07);Vals-les-Bains;7600;Hôtel;Hôtel les Touristes;13, Rue Auguste Clément Accès piéton escaliers imp. du canal, 07600 Vals-les-Bains;44.654675;4.36511;;#http://www.hotel-les-touristes.com/;;DATAtourisme;Z7b - Aubenas / Vals / Villeneuve (Haute Ardèche);
Ardèche (07);Vals-les-Bains;7600;Office de tourisme;Office de Tourisme de Vals-les-Bains;7 rue Jean Jaurès Maison Champanhet, 07600 Vals-les-Bains;44.664744;4.365087;;#https://www.aubenas-vals.com/;;DATAtourisme;Z7b - Aubenas / Vals / Villeneuve (Haute Ardèche);
Ardèche (07);Vals-les-Bains;7600;Site touristique;Maison Champanhet : Musée des savoir-faire ardéchois;7 rue Jean Jaurès, 07600 Vals-les-Bains;44.664887;4.364955;;#;;DATAtourisme;Z7b - Aubenas / Vals / Villeneuve (Haute Ardèche);
Ardèche (07);Vals-les-Bains;7600;Site touristique;Station thermale de Vals-les-Bains;Av. Paul Ribeyre, 07600 Vals-les-Bains;44.665;4.366;;;;Compilation locale;Z7b - Aubenas / Vals / Villeneuve (Haute Ardèche);
Ardèche (07);Vesseaux;7200;Camping;Camping les Chênes;55 chemin du camping les buissieres, 07200 Vesseaux;44.67732;4.458754;;#http://www.camping-des-chenes.fr/;;DATAtourisme;Z7a - Balazuc → Vogüé (Ardèche moyenne);
Ardèche (07);Villeneuve-de-Berg;7170;Camping;Domaine le Pommier Ciela Village;75 rue des Pommiers, 07170 Villeneuve-de-Berg;44.572433;4.510424;;#http://www.campinglepommier.com/;;DATAtourisme;Z7b - Aubenas / Vals / Villeneuve (Haute Ardèche);
Ardèche (07);Villeneuve-de-Berg;7170;Office de tourisme;Office de Tourisme Berg & Coiron;Place du Général de Gaulle, 07170 Villeneuve-de-Berg;44.559;4.501;;;;Compilation locale;Z7b - Aubenas / Vals / Villeneuve (Haute Ardèche);
Ardèche (07);Villeneuve-de-Berg;7170;Site touristique;Musée des Arts et Traditions Populaires du Pays de Berg;33 Grand'Rue Hôtel Malmazet, 07170 Villeneuve-de-Berg;44.556767;4.501471;;#http://enfantsamisvdb.fr/;;DATAtourisme;Z7b - Aubenas / Vals / Villeneuve (Haute Ardèche);
;Vinezac;7110;Hôtel;Auberge des trois ami.es;2 place du Charbonnel, 07110 Vinezac;44.538632;4.325407;;#https://www.aubergedes3ami-es.com/;;DATAtourisme;Z10 - Largentière;
Ardèche (07);Viviers;7220;Camping;Camping Rochecondrie - Loisirs;Route Départementale 86, n° 198 198 Quartier ROCHECONDRIE, 07220 Viviers;44.489651;4.676794;;#http://www.campingrochecondrie.com/;;DATAtourisme;Z9 - Ardèche rhodanienne (Bourg / Viviers / Alba);
Ardèche (07);Viviers;7220;Hôtel;Hostellerie Charles de Foucauld;BP 26 1 Place Riquet, 07220 Viviers;44.483946;4.687214;;#http://hotelviviers.fr/;;DATAtourisme;Z9 - Ardèche rhodanienne (Bourg / Viviers / Alba);
Ardèche (07);Viviers;7220;Hôtel;Hôtel le Relais du Vivarais;31 Faubourg des Sautelles R.D. 86, 07220 Viviers;44.487092;4.674886;;#http://www.relaisduvivarais.fr/;;DATAtourisme;Z9 - Ardèche rhodanienne (Bourg / Viviers / Alba);
Ardèche (07);Viviers;7220;Office de tourisme;Office de Tourisme Gorges de l'Ardèche - Pont d'Arc - Bureau de Viviers;5, place Riquet, 07220 Viviers;44.486326;4.692814;;#https://www.gorges-ardeche-pontdarc.fr/;;DATAtourisme;Z9 - Ardèche rhodanienne (Bourg / Viviers / Alba);
;Vogüé;7200;Camping;Camping Les Roches;Route des Gorges, 07200 Vogüé;44.542129;4.414852;;;;Google Maps;Z7a - Balazuc → Vogüé (Ardèche moyenne);
Ardèche (07);Vogüé;7200;Camping;Camping l'Oasis des Garrigues;290 chemin de l'Auzon, 07200 Vogüé;44.538053;4.410657;;#http://www.oasisdesgarrigues.com/;;DATAtourisme;Z7a - Balazuc → Vogüé (Ardèche moyenne);
Ardèche (07);Vogüé;7200;Camping;Camping les Chênes Verts;Champ Redon 665, Route de Saint-Germain, 07200 Vogüé;44.545198;4.419858;;#https://www.chenesverts.com/;;DATAtourisme;Z7a - Balazuc → Vogüé (Ardèche moyenne);
Ardèche (07);Vogüé;7200;Camping;Les Roulottes et Cabanes de Saint Cerice;300, Chemin de Saint-Cerisse, 07200 Vogüé;44.549659;4.420008;;#http://www.saintcerice.com/;;DATAtourisme;Z7a - Balazuc → Vogüé (Ardèche moyenne);
Ardèche (07);Vogüé;7200;Office de tourisme;Office de Tourisme Gorges de l'Ardèche Pont d'Arc - Bureau de Vogüé;52 Grande Rue, 07200 Vogüé;44.55102;4.413539;;#https://www.gorges-ardeche-pontdarc.fr/;;DATAtourisme;Z7a - Balazuc → Vogüé (Ardèche moyenne);
Gard (30);Aiguèze;30760;Camping;Camping Les Gorges;30760 Aiguèze;44.299;4.572;;;;Compilation locale;Z1 - Gorges de l'Ardèche (belvédères);
Gard (30);Aiguèze;30760;Office de tourisme;Bureau d'Information Touristique d'Aiguèze;Place du Jeu de Paume, 30760 Aiguèze;44.302714;4.556459;;#https://www.provenceoccitane.com/;;DATAtourisme;Z1 - Gorges de l'Ardèche (belvédères);
Gard (30);Allègre-les-Fumades;30500;Camping;Camping Le Lavoir d'Arlinde;Hameau d'Arlinde Camping Le Lavoir d'Arlinde, 30500 Allègre-les-Fumades;44.19427;4.24437;;#http://www.camping-ferme-fumades.com/;;DATAtourisme;Z4 - Barjac / Cèze nord (Gard);
Gard (30);Allègre-les-Fumades;30500;Camping;Capfun - Domaine des Fumades;Hameau des Fumades Les fumades les bains, 30500 Allègre-les-Fumades;44.1867;4.2275;;#http://www.domaine-des-fumades.com/;;DATAtourisme;Z4 - Barjac / Cèze nord (Gard);
Gard (30);Allègre-les-Fumades;30500;Camping;Clicochic Château de Boisson;Hameau de Boisson Camping Château de Boisson, 30500 Allègre-les-Fumades;44.209884;4.255933;;#https://www.clicochic.com/camping-france-languedoc_roussillon-chateau_boisson-FR.html;;DATAtourisme;Z4 - Barjac / Cèze nord (Gard);
Gard (30);Allègre-les-Fumades;30500;Hôtel;Hôtel des thermes;207 allée de l'arche romaine, 30500 Allègre-les-Fumades;44.187376;4.229558;;#https://www.fumades.com/;;DATAtourisme;Z4 - Barjac / Cèze nord (Gard);
Gard (30);Allègre-les-Fumades;30500;Office de tourisme;Office de Tourisme des Fumades;Allée des Pins, 30500 Allègre-les-Fumades;44.218;4.241;;;;Compilation locale;Z4 - Barjac / Cèze nord (Gard);
Gard (30);Barjac;30430;Camping;Camping La Buissière – Ciela Village;2530 Route de Barjac, 30430 Barjac;44.27929;4.308159;;#https://www.camping-la-buissiere.fr/fr;;DATAtourisme;Z4 - Barjac / Cèze nord (Gard);
Gard (30);Barjac;30430;Camping;Camping La Combe;Route des Vans Camping La Combe - La Combe, 30430 Barjac;44.31513;4.319515;;#http://www.campinglacombe.com/;;DATAtourisme;Z4 - Barjac / Cèze nord (Gard);
Gard (30);Barjac;30430;Hôtel;Hôtel Le Mas du Terme;Route de Bagnols sur Cèze 1770 chemin du Terme, 30430 Barjac;44.288676;4.381404;;#http://www.masduterme.com/;;DATAtourisme;Z4 - Barjac / Cèze nord (Gard);
Gard (30);Barjac;30430;Office de tourisme;Office de Tourisme Gorges Cèze Cévennes - Bureau de Barjac;Place Charles Guynet, 30430 Barjac;44.312;4.34;;;;Compilation locale;Z4 - Barjac / Cèze nord (Gard);
Gard (30);Cornillon;30630;Camping;Camping Domaine des Bords de Cèze;1044 Chemin des Campings, 30630 Cornillon;44.201752;4.508879;;#https://www.lesbordsdeceze.com/;;DATAtourisme;Z5 - Gorges de la Cèze / Gard sud;
Gard (30);Cornillon;30630;Camping;Camping Les Libellules;Hameau de Saint-Gély 2319 Chemin des Campings, 30630 Cornillon;44.192632;4.502501;;#https://campingleslibellules.com/?page_id=81&lang=fr;;DATAtourisme;Z5 - Gorges de la Cèze / Gard sud;
Gard (30);Cornillon;30630;Camping;Camping Paradis Les Amarines;181 Route de Goudargues, 30630 Cornillon;44.220521;4.479062;;#https://www.campinglesamarines.com/;;DATAtourisme;Z5 - Gorges de la Cèze / Gard sud;
Gard (30);Cornillon;30630;Camping;Camping du Lac;30630 Cornillon;44.215;4.465;;;;Compilation locale;Z5 - Gorges de la Cèze / Gard sud;
Gard (30);Gagnières;30160;Site touristique;Musée de la Mine;52 rue de l'église, 30160 Gagnières;44.309182;4.126359;;#https://www.museeminegagnieres.fr/;;DATAtourisme;Z4 - Barjac / Cèze nord (Gard);
Gard (30);Goudargues;30630;Camping;Camping La Grenouille;4 Avenue du Lavoir, 30630 Goudargues;44.214305;4.468844;;#https://www.camping-la-grenouille.com/;;DATAtourisme;Z5 - Gorges de la Cèze / Gard sud;
Gard (30);Goudargues;30630;Camping;Camping et Aire Naturelle Le Mas de Rome;553 Chemin de Rome, 30630 Goudargues;44.200747;4.477573;;#https://campinglemasderome.com/;;DATAtourisme;Z5 - Gorges de la Cèze / Gard sud;
Gard (30);Goudargues;30630;Camping;Flower Camping Le Saint Michelet;Route de Frigoulet 112 Chemin du Bouillidou, 30630 Goudargues;44.222189;4.462331;;#https://www.gard-camping.com/;;DATAtourisme;Z5 - Gorges de la Cèze / Gard sud;
Gard (30);Goudargues;30630;Hôtel;Hôtel La Glycine;30630 Goudargues;44.21;4.462;;;;Compilation locale;Z5 - Gorges de la Cèze / Gard sud;
Gard (30);Goudargues;30630;Office de tourisme;Bureau d'Information Touristique de Goudargues;4 Route de Pont-Saint-Esprit, 30630 Goudargues;44.21598;4.469691;;#https://www.provenceoccitane.com/;;DATAtourisme;Z5 - Gorges de la Cèze / Gard sud;
Gard (30);Issirac;30760;Site touristique;Chartreuse de Valbonne (XIIIe);30760 Bagnols-sur-Cèze;44.257;4.59;;;;Compilation locale;Z1 - Gorges de l'Ardèche (belvédères);
Gard (30);Issirac;30760;Site touristique;Issirac;1, rue de la Mairie, 30760 Issirac;44.271721;4.48069;;#;;DATAtourisme;Z1 - Gorges de l'Ardèche (belvédères);
Gard (30);La Roque-sur-Cèze;30200;Camping;Camping Slow Village La Roque sur Cèze;529 Route de Donnat, 30200 La Roque-sur-Cèze;44.188402;4.524144;;#https://www.slow-village.com/destinations/occitanie/la-roque-sur-ceze/;;DATAtourisme;Z5 - Gorges de la Cèze / Gard sud;
Gard (30);La Roque-sur-Cèze;30200;Camping;Camping Yelloh! Village Les Cascades;693 Route de Donnat, 30200 La Roque-sur-Cèze;44.187649;4.524704;;#https://www.campinglescascades.com/;;DATAtourisme;Z5 - Gorges de la Cèze / Gard sud;
Gard (30);Laval-Saint-Roman;30760;Hôtel;Chambre d'hôtes La Parenthèse;64 Route du Garn, 30760 Laval-Saint-Roman;44.299191;4.503128;;#https://www.laparenthese30.fr/;;DATAtourisme;Z1 - Gorges de l'Ardèche (belvédères);
Gard (30);Montclus;30630;Site touristique;Cèze Park - Parc de châteaux gonflables;2048 Route de Bagnols sur Cèze Cèze Park Hameau de Martel, 30630 Montclus;44.255378;4.441596;;#http://cezepark.fr/;;DATAtourisme;Z5 - Gorges de la Cèze / Gard sud;
;Méjannes-le-Clap;30430;Camping;"Camping Résidence Club ""Les Dolmens""";Camping Résidence Club Camping Les Dolmens 0 Route d'Uzès, 30430 Méjannes-le-Clap;44.211034;4.340533;;#http://www.camping-lesdolmens.com/;;DATAtourisme;Z4 - Barjac / Cèze nord (Gard);
;Méjannes-le-Clap;30430;Camping;"Camping naturiste ""La Genèse""";Route de la Genèse, 30430 Méjannes-le-Clap;44.266477;4.369136;;#https://www.lagenese.com/;;DATAtourisme;Z4 - Barjac / Cèze nord (Gard);
;Méjannes-le-Clap;30430;Office de tourisme;Office de Tourisme de Méjannes-Le-Clap;Le village, 30430 Méjannes-le-Clap;44.225287;4.349655;;#https://www.mejannesleclap.com/;;DATAtourisme;Z4 - Barjac / Cèze nord (Gard);no_flyer
Gard (30);Peyremale;30160;Camping;Camping Le Moulin du Luech;29, chemin Le Martinet, 30160 Peyremale;44.302544;4.059098;;#https://www.campingcevennes-atypique.com/;;DATAtourisme;Z4 - Barjac / Cèze nord (Gard);
Gard (30);Peyremale;30160;Camping;Camping des Drouilhèdes;100 Allée du Camping Camping des Drouilhèdes, 30160 Peyremale;44.29116;4.067065;;#http://www.campingcevennes.com/;;DATAtourisme;Z4 - Barjac / Cèze nord (Gard);
Gard (30);Pont-Saint-Esprit;30130;Hôtel;Chambre d'hôtes Le Mas des Iles;707 Chemin des îles, 30130 Pont-Saint-Esprit;44.247043;4.653747;;#https://provence-mas-des-iles.com/;;DATAtourisme;Z5 - Gorges de la Cèze / Gard sud;
Gard (30);Pont-Saint-Esprit;30130;Hôtel;Chambre d'hôtes Les Chambres de la Bourse;8 Place de la République, 30130 Pont-Saint-Esprit;44.255221;4.648093;;#https://www.leschambresdelabourse.fr/;;DATAtourisme;Z5 - Gorges de la Cèze / Gard sud;
Gard (30);Pont-Saint-Esprit;30130;Hôtel;Hôtel Restaurant Le Mas de l'Olivier;1475 Avenue du Général de Gaulle, 30130 Pont-Saint-Esprit;44.242792;4.642495;;#https://www.mas-olivier.com/;;DATAtourisme;Z5 - Gorges de la Cèze / Gard sud;
Gard (30);Pont-Saint-Esprit;30130;Office de tourisme;Bureau d'Information Touristique de Pont-Saint-Esprit;Avenue Gambetta Cazerne Pépin, 30130 Pont-Saint-Esprit;44.255078;4.64776;;#https://www.provenceoccitane.com/;;DATAtourisme;Z5 - Gorges de la Cèze / Gard sud;
Gard (30);Pont-Saint-Esprit;30130;Office de tourisme;Office de Tourisme des Gorges de l'Ardèche;1 Rue Dorée, 30130 Pont-Saint-Esprit;44.256;4.651;;;;Compilation locale;Z5 - Gorges de la Cèze / Gard sud;
Gard (30);Saint-Ambroix;30500;Camping;Camping Beau Rivage;130 Chemin du Beau Rivage, 30500 Saint-Ambroix;44.237376;4.201572;;#https://www.camping-beau-rivage.fr/;;DATAtourisme;Z4 - Barjac / Cèze nord (Gard);
Gard (30);Saint-Ambroix;30500;Camping;Camping Le Clos;Chemin de la canebière, 30500 Saint-Ambroix;44.262348;4.196657;;#https://www.campingleclos.com/;;DATAtourisme;Z4 - Barjac / Cèze nord (Gard);
Gard (30);Saint-Ambroix;30500;Camping;Camping de la Tour;5, route d'Alès, 30500 Saint-Ambroix;44.258505;4.194371;;#;;DATAtourisme;Z4 - Barjac / Cèze nord (Gard);
Gard (30);Saint-Ambroix;30500;Hôtel;Hôtel Moderne;Place de l'Ancien Temple, 30500 Saint-Ambroix;44.256;4.193;;;;Compilation locale;Z4 - Barjac / Cèze nord (Gard);
Gard (30);Saint-Ambroix;30500;Office de tourisme;Office de Tourisme Cèze Cévennes - Bureau de Saint-Ambroix;Place du Temple, 30500 Saint-Ambroix;44.256;4.193;;;;Compilation locale;Z4 - Barjac / Cèze nord (Gard);
Gard (30);Saint-André-de-Roquepertuis;30630;Camping;Camping La Plage;85 Route du Courau, 30630 Saint-André-de-Roquepertuis;44.245833;4.450557;;#https://www.campinglaplage-gard.fr/;;DATAtourisme;Z5 - Gorges de la Cèze / Gard sud;
Gard (30);Saint-Jean-de-Maruéjols-et-Avéjan;30430;Camping;Camping l'Oliveraie;230 Chemin de la Guinguette Camping L'Oliveraie, 30430 Saint-Jean-de-Maruéjols-et-Avéjan;44.258594;4.299706;;#https://www.gites-oliveraie.com/;;DATAtourisme;Z4 - Barjac / Cèze nord (Gard);
Gard (30);Saint-Privat-de-Champclos;30430;Camping;Camping Le Mas de Linde;208 Chemin de Linde, 30430 Saint-Privat-de-Champclos;44.279516;4.38439;;#https://masdelinde.com/camping-a-la-ferme-gard/emplacements/;;DATAtourisme;Z4 - Barjac / Cèze nord (Gard);
Gard (30);Saint-Privat-de-Champclos;30430;Camping;Domaine le Clos des Capitelles;1030 Route Du Mas, 30430 Saint-Privat-de-Champclos;44.27405;4.348803;;#https://www.campingclosdescapitelles.com/;;DATAtourisme;Z4 - Barjac / Cèze nord (Gard);
Gard (30);Saint-Privat-de-Champclos;30430;Camping;Domaine naturiste de La Sablière;1890 Route du Mas, 30430 Saint-Privat-de-Champclos;44.266986;4.351861;;#http://www.villagesabliere.com/;;DATAtourisme;Z4 - Barjac / Cèze nord (Gard);
Ardèche (07);Salavas;7150;Camping;Camping International;705 Route de Barjac, 07150 Salavas;44.397678;4.382880;;#;;Manuel;Z2 - Vallon-Pont-d'Arc / Salavas;
Ardèche;vallon pont d'arc;07150;Commerce;pétrin ardechois;et P.Neruda, Rue Salvador Allende;44.406050;4.391339;;;;Manuel;Z2 - Vallon-Pont-d'Arc / Salavas;
Ardèche;Salavas;07150;Camping;Camping Casque Roi;580 Rte de Barjac;44.395670;4.379511;;;;Manuel;Z2 - Vallon-Pont-d'Arc / Salavas;
Ardèche;Salavas;07150;Village de gîtes;Les cigalous;530 Rte de Barjac,;44.396007;4.380037;;;;Manuel;Z2 - Vallon-Pont-d'Arc / Salavas;
Ardèche;Salavas;07150;Camping;Camping le Micocouclier;315 Chem. de Lantousse;44.400467;4.374146;;;;Manuel;Z2 - Vallon-Pont-d'Arc / Salavas;
Ardèche;Salavas;07150;Village de gîtes;Odalys Haut de Salavas;1685 Rte de Barjac,;44.387577;4.377354;;;;Manuel;Z2 - Vallon-Pont-d'Arc / Salavas;
Ardèche;Labeaume;07120;Camping;camping de Peyroche;179 Chem. de Flojas,;44.449124;4.333624;;;;Manuel;Z3 - Ruoms / Sampzon / Gorge aval;
Ardèche;Labeaume;07120;Camping;Camping Adrénaline;45 Chem. de Flojas,;44.450506;4.333785;;;;Manuel;Z3 - Ruoms / Sampzon / Gorge aval;
Ardèche;Ruoms;07120;Camping;camping le Petit Bois;87 Rue du Petit Bois,;44.461334;4.337647;;;;Manuel;Z3 - Ruoms / Sampzon / Gorge aval;
Ardèche;Largentière;07110;Camping;Camping la prade;Route d'aubenas;44.521035;4.303916;;;;Manuel;Z10 - Largentière;
Ardèche;Montréal;07110;Camping;Chateau de Montréal;75 rue du château,;44.529152;4.293069;;;;Manuel;Z10 - Largentière;
Ardèche;Rocher;07110;Hôtel;Logis hotel Le Chêne Vert;10 Rouchas,;44.574199;4.285658;;;;Manuel;Z10 - Largentière;
;Rosières;07260;Camping;Camping La Plaine - Rosière;250 Imp. Les Plaines,;44.485374;4.267137;;;;Manuel;Z8 - Joyeuse / Rosières;
Ardèche;Rosières;07260;Camping;Camping Le sablas;95 route Ribeyre-Bouchet,;44.484285;4.241763;;;;Manuel;Z8 - Joyeuse / Rosières;
;Joyeuse;07260;Hôtel;Hotel l'Europe;288 Av. de Plan Bernard,;44.480065;4.234409;;;;Manuel;Z8 - Joyeuse / Rosières;
Ardèche;Joyeuse;07260;Camping;VTF Croix de Vinchannes;1070 Chem. de la Croix de Vinchannes,;44.492002;4.222505;;;;Manuel;Z8 - Joyeuse / Rosières;
Ardèche;Lablachère;07230;Site touristique;La FERME THEATRE;Notre Dame 445 route d'Alès,;44.454869;4.220670;;;;Manuel;Z8 - Joyeuse / Rosières;
Ardèche;Joyeuse;07260;Camping;Le Mas de la Grenouillère;583 Jamelle O, 07260 Joyeuse;44.472379;4.233116;;;;Manuel;Z8 - Joyeuse / Rosières;
;Joyeuse;07260;Village de gîtes;Mas de la bastide - joyeuse;553 les Grads de Perret, 07260 Joyeuse;44.466510;4.256821;;;;Manuel;Z8 - Joyeuse / Rosières;
Ardèche;Faugères;07230;Hôtel;Domaine de Chalvêche;11 Calade de l’Azuel, 07230 Faugères;44.472831;4.144887;;;;Manuel;Z8 - Joyeuse / Rosières;
Ardèche;Planzolles;07230;Commerce;Auberge de Planzolles;61 impasse de l'Ubac Quartier de, L'Église, 07230 Planzolles;44.486320;4.153352;;;;Manuel;Z8 - Joyeuse / Rosières;
;Lablachère;07230;Camping;Camping Hello Soleil;4459 route de Planzolles, 07230 Lablachère;44.479491;4.170781;;;;Manuel;Z8 - Joyeuse / Rosières;
Ardèche;Vagnas;07150;Camping;Huttopia Sud Ardèche;145 Route D’Orgnac, 07150 Vagnas;44.367276;4.369769;;;;Manuel;Z2 - Vallon-Pont-d'Arc / Salavas;
Ardèche;Vagnas;07150;Hôtel;Hotel du Couvent;La Boissiere, 07150 Vagnas;44.347752;4.365360;;;;Manuel;Z2 - Vallon-Pont-d'Arc / Salavas;
Ardèche;Les Vans;07140;Commerce;Restaurant L'olivier de Paiolove;5115 Route de Paiolive, 07140 Les Vans;44.396287;4.169129;;;;Manuel;Z6 - Les Vans / Cévennes ardéchoises;
Ardèche;Chambonas;07140;Hôtel;Terres de France domaine des vans;177 Vompdes, 07140 Chambonas;44.415385;4.142841;;;;Manuel;Z6 - Les Vans / Cévennes ardéchoises;
Ardèche;Les Vans;07140;Hôtel;Hotel Le carmel;7 Mnt du Carmel, 07140 Les Vans;44.406514;4.129470;;;;Manuel;Z6 - Les Vans / Cévennes ardéchoises;
Ardèche;Les Vans;07140;Camping;Domaine de Jeanne;343 Chem. de la Jeanne, 07140 Les Vans;44.411586;4.112239;;;;Manuel;Z6 - Les Vans / Cévennes ardéchoises;
Ardèche;Berrias-et-Casteljau;07460;Commerce;Caveau de jales;937 Rte d'Alès, 07460 Berrias-et-Casteljau;44.376844;4.221741;;;;Manuel;Z6 - Les Vans / Cévennes ardéchoises;
Ardèche;Vagnas;07150;Point de départ;Brujas;;44.357579;4.322519;;;;Manuel;Z2 - Vallon-Pont-d'Arc / Salavas;
Ardèche;Ruoms;07120;Village de gîtes;Domaine de Janus;85 Chem. des Cigalons, 07120 Ruoms;44.431360;4.337800;;;;Manuel;Z3 - Ruoms / Sampzon / Gorge aval;
;Ruoms;07120;Hôtel;Chateau de Chaussy;64 Av. du Vallon, 07120 Ruoms;44.445929;4.345683;;;;Manuel;Z3 - Ruoms / Sampzon / Gorge aval;
Ardèche;Grospierres;07120;Camping;Camping Les Chadenèdes;Les, Chadenede, 07120 Grospierres;44.396885;4.291411;;;;Manuel;Z3 - Ruoms / Sampzon / Gorge aval;
Ardèche;Montréal;07110;Camping;Village de gîtes Meriva;178 route de Ruoms, 07110 Montréal;44.503939;4.311340;;;;Manuel;Z10 - Largentière;
Ardèche;Montréal;07110;Camping;Camping résidentiel Le Moulinage;915 route de Ruoms, 07110 Montréal;44.500004;4.317091;;;;Manuel;Z10 - Largentière;
Ardèche;Grospierres;07120;Hôtel;Rouret Pierre et Vacance;Village Le Rouret en Ardèche, 675 route du Château du Rouret, 07120 Grospierres;44.381125;4.276895;;;;Manuel;Z3 - Ruoms / Sampzon / Gorge aval;
Ardèche;Grospierres;07120;Hôtel;Hotel Sowell;Domaine du, Rouret, 07120 Grospierres;44.378004;4.269320;;;;Manuel;Z3 - Ruoms / Sampzon / Gorge aval;
Ardèche;Grospierres;07120;Commerce;Bowlings rouret;Domaine le Rouret - Village Pierre et vacances, 07120 Grospierres;44.379492;4.266622;;;;Manuel;Z3 - Ruoms / Sampzon / Gorge aval;
Ardèche;Grospierres;07120;Commerce;Ferme de la Loube;Quartier de la Loube, 2236 Route D Ales, 07120 Grospierres;44.398774;4.268596;;;;Manuel;Z3 - Ruoms / Sampzon / Gorge aval;
Ardèche;Rosières;07260;Commerce;Les Frères Royé;Rond-point, 580 Rte de la Martinette, 07260 Rosières;44.491282;4.273593;;;;Manuel;Z8 - Joyeuse / Rosières;
Ardèche;Lablachère;07230;Commerce;Piscine La perle d'eau;530 route de la piscine, 07230 Lablachère;44.458202;4.225820;;;;Manuel;Z8 - Joyeuse / Rosières;
Ardèche;Joyeuse;07260;Commerce;La boutique des saucissons;1C Chem. des Beaumes, 07260 Joyeuse;44.478419;4.248742;;;;Manuel;Z8 - Joyeuse / Rosières;
Gard;Courry;30500;Site touristique;Grotte de la Cocalière;555 Grotte de la Cocalière, 30500 Courry;44.310292;4.167262;;;;Manuel;Z4 - Barjac / Cèze nord (Gard);
Gard;Méjannes-le-Clap;30430;Site touristique;Grotte Salamandre;Chem. de la Place du Roy, 30430 Méjannes-le-Clap;44.258694;4.335566;;;;Manuel;Z4 - Barjac / Cèze nord (Gard);
;Méjannes-le-Clap;30430;Village de gîtes;VVF Méjannes-le-Clap;Les Hauts de Cèze, Rue des Bleuets, 30430 Méjannes-le-Clap;44.226055;4.342899;;;;Manuel;Z4 - Barjac / Cèze nord (Gard);
Ardèche;Orgnac-l'Aven;07150;Site touristique;Grotte de la Forestière;Col de la Forestiere, D217, 07150 Orgnac-l'Aven;44.328618;4.404214;;;;Manuel;Z1 - Gorges de l'Ardèche (belvédères);
Ardèche;Saint-Remèze;07700;Site touristique;Grotte de la Madeleine;Route touristique des Gorges de l'Ardèche, 07700 Saint-Remèze;44.339930;4.483516;;;;Manuel;Z1 - Gorges de l'Ardèche (belvédères);
Ardèche;Bidon;07700;Site touristique;Grotte Saint Marcel;2759 route Touristique des Gorges, 07700 Bidon;44.332187;4.541044;;;;Manuel;Z1 - Gorges de l'Ardèche (belvédères);
Ardèche;Berrias-et-Casteljau;07460;Hôtel;Lou Castel;1673 Rte du Château de Casteljau, 07460 Berrias-et-Casteljau;44.400738;4.196852;;;;Manuel;Z6 - Les Vans / Cévennes ardéchoises;
Ardèche (07);Auriolles;7120;Camping;Camping Domaine de Chaussy;07120 Auriolles;44.428;4.29;;;;Compilation locale;Z3 - Ruoms / Sampzon / Gorge aval;
Ardèche (07);Chambonas;7140;Camping;Camping Le Bois de Gravière;07140 Chambonas;44.39;4.12;;;;Compilation locale;Z6 - Les Vans / Cévennes ardéchoises;
Ardèche (07);Chassiers;7110;Site touristique;Château de Boulogne (XVIe);07110 Chassiers;44.567;4.298;;;;Compilation locale;Z8 - Joyeuse / Rosières / Largentière (Chassezac);
Ardèche (07);Grospierres;7120;Camping;Camping Altéa;07120 Grospierres;44.412;4.31;;;;Compilation locale;Z3 - Ruoms / Sampzon / Gorge aval;
Ardèche (07);Joyeuse;7260;Hôtel;Hôtel La Résidence;07260 Joyeuse;44.48;4.228;;;;Compilation locale;Z8 - Joyeuse / Rosières / Largentière (Chassezac);
;Lablachère;7230;Office de tourisme;Bureau d'Information Touristique de Lablachère;07230 Lablachère;44.467;4.218;;;;Compilation locale;Z8 - Joyeuse / Rosières;
;Largentière;7110;Office de tourisme;Office intercommunal de tourisme en Val de Ligne;3 rue du Maréchal Suchet, 07110 Largentière;44.542997;4.29384;;#https://www.tourisme-valdeligne.fr/;;DATAtourisme;Z10 - Largentière;
Ardèche (07);Laurac-en-Vivarais;7110;Camping;Camping Le Pigeonnier;07110 Laurac-en-Vivarais;44.555;4.316;;;;Compilation locale;Z8 - Joyeuse / Rosières / Largentière (Chassezac);
Ardèche (07);Les Vans;7140;Hôtel;Hôtel Liron;Place Léon Blum, 07140 Les Vans;44.404;4.128;;;;Compilation locale;Z6 - Les Vans / Cévennes ardéchoises;
Ardèche (07);Malbosc;7140;Camping;Camping Les Cévennes;07140 Malbosc;44.368;4.082;;;;Compilation locale;Z6 - Les Vans / Cévennes ardéchoises;
Ardèche (07);Malbosc;7140;Camping;Camping le Moulin de Gournier;7650 Route des Vans, 07140 Malbosc;44.365662;4.094403;;#https://www.camping-moulin-de-gournier.com/;;DATAtourisme;Z6 - Les Vans / Cévennes ardéchoises;
Ardèche (07);Pradons;7120;Camping;Camping L'Ardéchois;07120 Pradons;44.47;4.347;;;;Compilation locale;Z3 - Ruoms / Sampzon / Gorge aval;
Ardèche (07);Ribes;7260;Camping;Camping La Drobie;Route de la Drobie, 07260 Ribes;44.452;4.147;;;;Compilation locale;Z8 - Joyeuse / Rosières / Largentière (Chassezac);
Ardèche (07);Ribes;7260;Site touristique;Bibliothèque intercommunale;Place de l'Eglise, 07260 Ribes;44.49515;4.20731;;#https://bibliotheques.pays-beaumedrobie.com/;;DATAtourisme;Z8 - Joyeuse / Rosières / Largentière (Chassezac);
Ardèche (07);Ribes;7260;Site touristique;Vallée de la Drobie;07260 Ribes;44.452;4.148;;;;Compilation locale;Z8 - Joyeuse / Rosières / Largentière (Chassezac);
Ardèche (07);Rosières;7260;Camping;Camping le Saut du Loup;530 route de l'Estourels, 07260 Rosières;44.500668;4.269819;;#http://www.campinglesautduloup.com/;;DATAtourisme;Z8 - Joyeuse / Rosières / Largentière (Chassezac);
Ardèche (07);Rosières;7260;Site touristique;Bibliothèque intercommunale;Avenue André Jean, 07260 Rosières;44.482055;4.256043;;#https://bibliotheques.pays-beaumedrobie.com/;;DATAtourisme;Z8 - Joyeuse / Rosières / Largentière (Chassezac);
Ardèche (07);Saint-Alban-Auriolles;7120;Camping;Camping Les Plans d'Eau;07120 Saint-Alban-Auriolles;44.43;4.292;;;;Compilation locale;Z3 - Ruoms / Sampzon / Gorge aval;
Ardèche (07);Saint-Martin-d'Ardèche;7700;Camping;Camping Beau Rivage;07700 Saint-Martin-d'Ardèche;44.303;4.568;;;;Compilation locale;Z1 - Gorges de l'Ardèche (belvédères);
Ardèche (07);Saint-Maurice-d'Ibie;7150;Camping;Camping Mas de l'Ibie;07150 Saint-Maurice-d'Ibie;44.362;4.366;;;;Compilation locale;Z2 - Vallon-Pont-d'Arc / Salavas;
Ardèche (07);Saint-Mélany;7260;Camping;Camping Le Val de Ligne;07260 Saint-Mélany;44.43;4.108;;;;Compilation locale;Z8 - Joyeuse / Rosières / Largentière (Chassezac);
Ardèche (07);Saint-Mélany;7260;Site touristique;Bibliothèque municipale;Le Villard, 07260 Saint-Mélany;44.53049;4.12014;;#https://www.saint-melany.fr/vie-locale/la-bibliotheque/;;DATAtourisme;Z8 - Joyeuse / Rosières / Largentière (Chassezac);
Ardèche (07);Saint-Mélany;7260;Site touristique;Vallée de la Ligne;07260 Saint-Mélany;44.43;4.108;;;;Compilation locale;Z8 - Joyeuse / Rosières / Largentière (Chassezac);
Ardèche (07);Sanilhac;7110;Camping;Camping Rochepierre;4600 chemin de Rochepierre, 07110 Sanilhac;44.519983;4.233971;;#;;DATAtourisme;Z8 - Joyeuse / Rosières / Largentière (Chassezac);
Ardèche (07);Sanilhac;7110;Site touristique;Prieuré de Chassiers (XIIe);07110 Sanilhac;44.57;4.298;;;;Compilation locale;Z8 - Joyeuse / Rosières / Largentière (Chassezac);
Ardèche (07);Uzer;7110;Camping;Camping Uzer La Rivière;07110 Uzer;44.54;4.325;;;;Compilation locale;Z7a - Balazuc → Vogüé (Ardèche moyenne);
Ardèche (07);Vinezac;7110;Camping;Camping le Chaudebry;955 Route de Lande, 07110 Vinezac;44.561345;4.321255;;#http://www.camping-lechaudebry.com/;;DATAtourisme;Z8 - Joyeuse / Rosières / Largentière (Chassezac);
Ardèche (07);Vinezac;7110;Office de tourisme;Ardèche Sport Nature & Co;130 Route du Fez, 07110 Vinezac;44.540507;4.325314;;#https://www.ardeche-sport-nature.fr/<>https://www.instagram.com/ardechesportnaturenco/;;DATAtourisme;Z8 - Joyeuse / Rosières / Largentière (Chassezac);
Ardèche (07);Vinezac;7110;Site touristique;Vinezac : village de caractère;place Denis Tendil, 07110 Vinezac;44.538858;4.325947;;#http://www.vinezac.fr/<>https://www.aubenas-vals.com/;;DATAtourisme;Z8 - Joyeuse / Rosières / Largentière (Chassezac);
Gard (30);Lussan;30580;Hôtel;Hôtel Maison Gramme;88 Place des Marronniers, 30580 Lussan;44.153407;4.366137;;#https://maisongramme.fr/;;DATAtourisme;Z5 - Gorges de la Cèze / Gard sud;
Gard (30);Saint-Paul-le-Jeune;7230;Camping;Camping La Drobie;07230 Saint-Paul-le-Jeune;44.432;4.17;;;;Compilation locale;Z8 - Joyeuse / Rosières / Largentière (Chassezac);
Ardèche (07);Berrias-et-Casteljau;07460;Camping;Camping La Source;540 Chem. de ma Rouvière, 07460 Berrias-et-Casteljau;44.377218;4.206530;;#;;Compilation locale;Z6 - Les Vans / Cévennes ardéchoises;
Ardèche (07);Berrias-et-Casteljau;07460;Camping;Camping Les Cigales;1039 Chem. de la Rouvière, 07460 Berrias-et-Casteljau;44.378698;4.211862;;#;;Compilation locale;Z6 - Les Vans / Cévennes ardéchoises;
Ardèche (07);Berrias-et-Casteljau;07460;Commerce;Caveau de Jalès;937 Rte d'Alès, 07460 Berrias-et-Casteljau;44.376844;4.221741;;#;;Manuel;Z6 - Les Vans / Cévennes ardéchoises;
Ardèche (07);Berrias-et-Casteljau;07460;Hôtel;Lou Castel;1673 Rte du Château de Casteljau, 07460 Berrias-et-Casteljau;44.400738;4.196852;;#;;Manuel;Z6 - Les Vans / Cévennes ardéchoises;
;Berrias-et-Casteljau;07460;Camping;Camping Les Actinidias;179 Chemin des Cayres, 07460 Berrias-et-Casteljau;44.399167;4.200801;;#;;Manuel;Z6 - Les Vans / Cévennes ardéchoises;
Ardèche (07);Berrias-et-Casteljau;07460;Camping;Camping Chaulet Plage;Chemin Chaulet, 07460 Berrias-et-Casteljau;44.404653;4.215435;;#;;Manuel;Z6 - Les Vans / Cévennes ardéchoises;
Ardèche (07);Berrias-et-Casteljau;07460;Camping;Domaine de Cassagnole;1067 Chemin du Ron Redon, 07460 Berrias-et-Casteljau;44.401150;4.218203;;#;;Manuel;Z6 - Les Vans / Cévennes ardéchoises;
Ardèche (07);Berrias-et-Casteljau;07460;Camping;Camping Les Blaches;467 Chemin des Blaches, 07460 Berrias-et-Casteljau;44.405405;4.213536;;#;;Manuel;Z6 - Les Vans / Cévennes ardéchoises;
Ardèche (07);Berrias-et-Casteljau;07460;Camping;Camping La Vignasse;129 Chemin des Blaches, 07460 Berrias-et-Casteljau;44.404531;4.214888;;#;;Manuel;Z6 - Les Vans / Cévennes ardéchoises;
Ardèche (07);Berrias-et-Casteljau;07460;Camping;Camping Ardèche Bel Air;Les Tournayres, 07460 Berrias-et-Casteljau;44.402185;4.217527;;#;;Manuel;Z6 - Les Vans / Cévennes ardéchoises;
Ardèche (07);Berrias-et-Casteljau;07460;Camping;Camping Sunêlia Mazet Plage;260 Route du Château, 07460 Berrias-et-Casteljau;44.396175;4.200849;;#;;Manuel;Z6 - Les Vans / Cévennes ardéchoises;
Ardèche (07);Berrias-et-Casteljau;07460;Camping;Camping La Rouveyrolle;Chemin du Ron Dedon, 07460 Berrias-et-Casteljau;44.395485;4.222248;;#;;Manuel;Z6 - Les Vans / Cévennes ardéchoises;
;Ruoms;07120;Camping;Camping Les Paillotes;7 Chem. de l'Espédès, 07120 Ruoms;44.459023;4.341466;;;;Manuel;Z3 - Ruoms / Sampzon / Gorge aval;
;Ruoms;07120;Commerce;Cave coopérative Ruoms;3 Chem. de l'Espédès, 07120 Ruoms;44.458130;4.341917;;;;Manuel;Z3 - Ruoms / Sampzon / Gorge aval;
Ardèche;Lanas;07200;Camping;Karting Ardèche;410 Rte de l'Aérodrome, 07200 Lanas;44.540450;4.362994;;;;Manuel;Z3 - Ruoms / Sampzon / Gorge aval;
Ardèche;Lanas;07200;Commerce;Aerodrome Lanas;410 Le Gras, 07200 Lanas;44.539553;4.367698;;;;Manuel;Z3 - Ruoms / Sampzon / Gorge aval;
Ardèche;Grospierres;07120;Site touristique;Ardeche mécanique;95 Chabrière, 07120 Grospierres;44.375570;4.256505;;;;Manuel;Z3 - Ruoms / Sampzon / Gorge aval;